BASH=/usr/sbin/bash
BASHOPTS=autocd:checkwinsize:cmdhist:complete_fullquote:expand_aliases:extglob:extquote:force_fignore:globasciiranges:globskipdots:histappend:interactive_comments:lithist:patsub_replacement:progcomp:promptvars:sourcepath
BASH_ALIASES=()
BASH_ARGC=([0]="1" [1]="1" [2]="0")
BASH_ARGV=([0]="/var/home/wturner/-dotfiles/etc/virtualenvwrapper/postdeactivate" [1]="/tmp/virtualenvwrapper-post_deactivate-hook-4V8SvLJWrn")
BASH_CMDS=()
BASH_COMPLETION_VERSINFO=([0]="2" [1]="16" [2]="0")
BASH_LINENO=([0]="326" [1]="5" [2]="8" [3]="27" [4]="15" [5]="74" [6]="6")
BASH_LOADABLES_PATH=/usr/local/lib/bash:/usr/lib/bash:/opt/local/lib/bash:/usr/pkg/lib/bash:/opt/pkg/lib/bash:.
BASH_REMATCH=([0]=":/var/home/wturner/.local/bin:" [1]=":" [2]=":")
BASH_SOURCE=([0]="/var/home/wturner/-dotfiles/etc/bash/05-bashrc.dotfiles.sh" [1]="/var/home/wturner/-dotfiles/etc/bash/05-bashrc.dotfiles.sh" [2]="/var/home/wturner/-dotfiles/etc/virtualenvwrapper/postdeactivate" [3]="/tmp/virtualenvwrapper-post_deactivate-hook-4V8SvLJWrn" [4]="/usr/sbin/virtualenvwrapper.sh" [5]="/usr/sbin/virtualenvwrapper.sh" [6]="/usr/sbin/virtualenvwrapper.sh")
BASH_VERSINFO=([0]="5" [1]="2" [2]="37" [3]="1" [4]="release" [5]="x86_64-redhat-linux-gnu")
BASH_VERSION='5.2.37(1)-release'
BUN_INSTALL=/var/home/wturner/.bun
COLUMNS=105
COMP_FILEDIR_FALLBACK=BASH_COMPLETION_FILEDIR_FALLBACK
COMP_KNOWN_HOSTS_WITH_AVAHI=BASH_COMPLETION_KNOWN_HOSTS_WITH_AVAHI
COMP_KNOWN_HOSTS_WITH_HOSTFILE=BASH_COMPLETION_KNOWN_HOSTS_WITH_HOSTFILE
CONDA_ENVS_PATH=
CONDA_ENVS__py27=/var/home/wturner/-wrk/-ce27
CONDA_ENVS__py34=/var/home/wturner/-wrk/-ce34
CONDA_ENVS__py35=/var/home/wturner/-wrk/-ce35
CONDA_ENVS__py36=/var/home/wturner/-wrk/-ce36
CONDA_ENVS__py37=/var/home/wturner/-wrk/-ce37
CONDA_ROOT=/var/home/wturner/-wrk/-conda311
CONDA_ROOT__py27=/var/home/wturner/-wrk/-conda27
CONDA_ROOT__py34=/var/home/wturner/-wrk/-conda34
CONDA_ROOT__py35=/var/home/wturner/-wrk/-conda35
CONDA_ROOT__py36=/var/home/wturner/-wrk/-conda36
CONDA_ROOT__py37=/var/home/wturner/-wrk/-conda37
DBUS_SESSION_BUS_ADDRESS=unix:path=/run/user/1000/bus
DEBUGINFOD_IMA_CERT_PATH=/etc/keys/ima:
DEBUGINFOD_URLS='https://debuginfod.fedoraproject.org/ '
DESKTOP_SESSION=gnome
DIRSTACK=()
DISPLAY=:0
EDITOR='/usr/bin/gvim -f'
EDITOR_='/usr/bin/gvim --servername / --remote-tab-silent'
EUID=1000
FUNCNAME=([0]="log_dotfiles_state" [1]="dotfiles_postdeactivate" [2]="source" [3]="source" [4]="virtualenvwrapper_run_hook" [5]="deactivate" [6]="workon")
GDMSESSION=gnome
GDM_LANG=en_US.UTF-8
GNOME_SETUP_DISPLAY=:1
GPG_TTY='not a tty'
GREEN='0;33m'
GROUPS=()
GUESTFISH_INIT='\e[1;34m'
GUESTFISH_OUTPUT='\e[0m'
GUESTFISH_PS1='\[\e[1;32m\]><fs>\[\e[0;31m\] '
GUESTFISH_RESTORE='\e[0m'
GUIVIMBIN=/usr/bin/gvim
GVIMBIN=/usr/bin/gvim
HISTCONTROL=ignoredups:ignorespace
HISTFILE=/var/home/wturner/-wrk/-ve311/pydantic_schemaorg/.bash_history
HISTFILESIZE=1000000
HISTSIZE=1000
HISTTIMEFORMAT='%t%Y-%m-%dT%H:%M:%S%z%tab3%twturner%t$$%t'
HOME=/var/home/wturner
HOSTNAME=ab3
HOSTTYPE=x86_64
IFS=$' \t\n'
INVOCATION_ID=f3eea924211f4ee091299abb667808dc
JOURNAL_STREAM=9:26115
LANG=en_US.UTF-8
LESSOPEN='||/usr/bin/lesspipe.sh %s'
LINES=24
LOGNAME=wturner
LS_COLORS='rs=0:di=01;34:ln=01;36:mh=00:pi=40;33:so=01;35:do=01;35:bd=40;33;01:cd=40;33;01:or=40;31;01:mi=00:su=37;41:sg=30;43:ca=00:tw=30;42:ow=34;42:st=37;44:ex=01;32:*.7z=01;31:*.ace=01;31:*.alz=01;31:*.apk=01;31:*.arc=01;31:*.arj=01;31:*.bz=01;31:*.bz2=01;31:*.cab=01;31:*.cpio=01;31:*.crate=01;31:*.deb=01;31:*.drpm=01;31:*.dwm=01;31:*.dz=01;31:*.ear=01;31:*.egg=01;31:*.esd=01;31:*.gz=01;31:*.jar=01;31:*.lha=01;31:*.lrz=01;31:*.lz=01;31:*.lz4=01;31:*.lzh=01;31:*.lzma=01;31:*.lzo=01;31:*.pyz=01;31:*.rar=01;31:*.rpm=01;31:*.rz=01;31:*.sar=01;31:*.swm=01;31:*.t7z=01;31:*.tar=01;31:*.taz=01;31:*.tbz=01;31:*.tbz2=01;31:*.tgz=01;31:*.tlz=01;31:*.txz=01;31:*.tz=01;31:*.tzo=01;31:*.tzst=01;31:*.udeb=01;31:*.war=01;31:*.whl=01;31:*.wim=01;31:*.xz=01;31:*.z=01;31:*.zip=01;31:*.zoo=01;31:*.zst=01;31:*.avif=01;35:*.jpg=01;35:*.jpeg=01;35:*.mjpg=01;35:*.mjpeg=01;35:*.gif=01;35:*.bmp=01;35:*.pbm=01;35:*.pgm=01;35:*.ppm=01;35:*.tga=01;35:*.xbm=01;35:*.xpm=01;35:*.tif=01;35:*.tiff=01;35:*.png=01;35:*.svg=01;35:*.svgz=01;35:*.mng=01;35:*.pcx=01;35:*.mov=01;35:*.mpg=01;35:*.mpeg=01;35:*.m2v=01;35:*.mkv=01;35:*.webm=01;35:*.webp=01;35:*.ogm=01;35:*.mp4=01;35:*.m4v=01;35:*.mp4v=01;35:*.vob=01;35:*.qt=01;35:*.nuv=01;35:*.wmv=01;35:*.asf=01;35:*.rm=01;35:*.rmvb=01;35:*.flc=01;35:*.avi=01;35:*.fli=01;35:*.flv=01;35:*.gl=01;35:*.dl=01;35:*.xcf=01;35:*.xwd=01;35:*.yuv=01;35:*.cgm=01;35:*.emf=01;35:*.ogv=01;35:*.ogx=01;35:*.aac=00;36:*.au=00;36:*.flac=00;36:*.m4a=00;36:*.mid=00;36:*.midi=00;36:*.mka=00;36:*.mp3=00;36:*.mpc=00;36:*.ogg=00;36:*.ra=00;36:*.wav=00;36:*.oga=00;36:*.opus=00;36:*.spx=00;36:*.xspf=00;36:*~=00;90:*#=00;90:*.bak=00;90:*.crdownload=00;90:*.dpkg-dist=00;90:*.dpkg-new=00;90:*.dpkg-old=00;90:*.dpkg-tmp=00;90:*.old=00;90:*.orig=00;90:*.part=00;90:*.rej=00;90:*.rpmnew=00;90:*.rpmorig=00;90:*.rpmsave=00;90:*.swp=00;90:*.tmp=00;90:*.ucf-dist=00;90:*.ucf-new=00;90:*.ucf-old=00;90:'
MACHTYPE=x86_64-redhat-linux-gnu
MAIL=/var/spool/mail/wturner
MAILCHECK=60
MANAGERPID=3305
MEMORY_PRESSURE_WATCH=/sys/fs/cgroup/user.slice/user-1000.slice/user@1000.service/app.slice/flatpak-session-helper.service/memory.pressure
MEMORY_PRESSURE_WRITE=c29tZSAyMDAwMDAgMjAwMDAwMAA=
MOZ_GMP_PATH=/usr/lib64/mozilla/plugins/gmp-gmpopenh264/system-installed
MVIMBIN=/usr/local/bin/mvim
OPTERR=1
OPTIND=1
OSTYPE=linux-gnu
PAGER='/usr/bin/less -R'
PATH=/var/home/wturner/.bun/bin:/var/home/wturner/-wrk/-conda311/bin:/var/home/wturner/.local/bin:/var/home/wturner/-dotfiles/scripts:/var/home/wturner/.cargo/bin:/var/home/wturner/.aftman/bin:/usr/local/sbin:/usr/local/bin:/usr/sbin:/usr/bin
PIPESTATUS=([0]="0")
PIP_REQUIRE_VIRTUALENV=false
PPID=5802
PROJECT_HOME=/var/home/wturner/-wrk
PROMPT_COMMAND=_usrlog_log_cmd_and_update_prompt
PS1='${VENVPROMPT}\[\033[01;32m\]\u@\h\[\033[00m\]:\[\033[01;34m\]\w\[\033[00m\]\n\$ '
PS2='> '
PS4='+ '
PWD=/var/home/wturner/-wrk/-ve311/pydantic_schemaorg/src/pydantic_schemaorg
PYTHONSTARTUP=/var/home/wturner/.pythonrc
QT_IM_MODULE=ibus
RC=0
RED='0;31m'
SDIRS=/var/home/wturner/.sdirs
SESSION_MANAGER=local/unix:@/tmp/.ICE-unix/3458,unix/unix:/tmp/.ICE-unix/3458
SHELL=/bin/bash
SHELLOPTS=braceexpand:hashall:histexpand:history:interactive-comments:monitor:vi
SHLVL=1
SSH_AUTH_SOCK=/run/user/1000/keyring/ssh
SUDO_EDITOR='/usr/bin/gvim -f'
SYSTEMD_EXEC_PID=5802
TERM=xterm-256color
TERM_SED_STR='s/^\s*[0-9]*\s*//'
UID=1000
UNAME=Linux
USER=wturner
USERNAME=wturner
VENVPREFIX=
VENVPROMPT='(pydantic_schemaorg) #kBlP4zVrR2I '
VENVSTR=
VENVSTRAPP=
VIMBIN=/usr/bin/vim
VIMCONF='--servername /'
VIRTUALENVWRAPPER_ENV_BIN_DIR=bin
VIRTUALENVWRAPPER_HOOK_DIR=/var/home/wturner/-dotfiles/etc/virtualenvwrapper
VIRTUALENVWRAPPER_LAST_VIRTUAL_ENV=/var/home/wturner/-wrk/-ve311/pydantic_schemaorg
VIRTUALENVWRAPPER_LOG_DIR=/var/home/wturner/-wrk/.virtualenvlogs
VIRTUALENVWRAPPER_PROJECT_FILENAME=.project
VIRTUALENVWRAPPER_PYTHON=/usr/bin/python3
VIRTUALENVWRAPPER_SCRIPT=/usr/sbin/virtualenvwrapper.sh
VIRTUALENVWRAPPER_VIRTUALENV=virtualenv
VIRTUALENVWRAPPER_VIRTUALENV_CLONE=virtualenv-clone
VIRTUALENVWRAPPER_WORKON_CD=1
VIRTUAL_ENV_NAME=
WAYLAND_DISPLAY=wayland-0
WINDOW_TITLE='#kBlP4zVrR2I'
WORKON_HOME=/var/home/wturner/-wrk/-ve311
WORKON_HOME_DEFAULT=
WORKON_HOME__py27=
WORKON_HOME__py34=
WORKON_HOME__py35=
WORKON_HOME__py36=
WORKON_HOME__py37=
XAUTHORITY=/run/user/1000/.mutter-Xwaylandauth.I3MPC3
XDG_CURRENT_DESKTOP=GNOME
XDG_DATA_DIRS=/var/home/wturner/.local/share/flatpak/exports/share:/var/lib/flatpak/exports/share:/usr/local/share/:/usr/share/
XDG_MENU_PREFIX=gnome-
XDG_RUNTIME_DIR=/run/user/1000
XDG_SESSION_CLASS=user
XDG_SESSION_DESKTOP=gnome
XDG_SESSION_TYPE=wayland
XMODIFIERS=@im=ibus
_=export
_APP=
_BIN=bin
_EDITOR='/usr/bin/gvim -f'
_ETC=etc
_ETCOPT=etc/opt
_HOME=home
_LIB=lib
_LOG=var/log
_MEDIA=media
_MNT=mnt
_OPT=opt
_PYLIB=lib/python3.13
_PYSITE=lib/python3.13/site-packages
_ROOT=root
_SBIN=sbin
_SRC=src
_SRV=srv
_SVCFG=supervisord.conf
_TERM_ID='#kBlP4zVrR2I'
_TMP=tmp
_USR=usr
_USRBIN=usr/bin
_USRINCLUDE=usr/include
_USRLIB=usr/lib
_USRLOCAL=usr/local
_USRLOCALBIN=usr/local/bin
_USRLOG=/var/home/wturner/-wrk/-ve311/pydantic_schemaorg/-usrlog.log
_USRSBIN=usr/sbin
_USRSHARE=usr/share
_USRSRC=usr/src
_VAR=var
_VARCACHE=var/cache
_VARLIB=var/lib
_VARLOCK=var/lock
_VARMAIL=var/mail
_VAROPT=var/opt
_VARRUN=var/run
_VARSPOOL=var/spool
_VARTMP=var/tmp
_VIRTUALENVWRAPPER_API=' mkvirtualenv rmvirtualenv lsvirtualenv showvirtualenv workon add2virtualenv cdsitepackages cdvirtualenv lssitepackages toggleglobalsitepackages cpvirtualenv setvirtualenvproject mkproject cdproject mktmpenv wipeenv allvirtualenv'
_WRD=
_WWW=var/www
__DOTFILES=/var/home/wturner/-dotfiles
__IS_LINUX=true
__PROJECTSRC=/var/home/wturner/-wrk/.projectsrc.sh
__SRC=
__USRLOG=/var/home/wturner/-usrlog.log
__VENV=/var/home/wturner/-dotfiles/scripts/venv.py
__WRK=/var/home/wturner/-wrk
__term=xterm-256color
_auditctl_opts='-b --backlog_wait_time --reset_backlog_wait_time_actual -c -D -e -f -h -i --loginuid-immutable -q -r --reset-lost -R --signal -t -l -m -s -v -a -A -C -d -D -F -S -w -W'
_augenrules_opts='--check --load'
_aureport_opts='--auth --avc --comm --config --crypto --debug --eoe-timeout --event --escape --file --failed --host --help --interpret --input --input-logs --integrity --key --login --mods --mac --anomaly --node --no-config --pid --response --syscall --success --summary --log --tty --end --start --user --version --virt --executable'
_ausearch_opts='--event --arch --comm --debug --checkpoint --eoe-timeout --exit --escape --extra-keys --extra-labels --extra-obj2 --extra-time --file --format --gid-all --input --input-logs --just-one --key --line-buffered --message --node --object --pid --ppid --raw --syscall --context --session --subject --success --end --start --terminal --uid-all --uid-effective --uid --loginuid --uuid --version --word --executable'
_backup_glob='@(#*#|*@(~|.@(bak|orig|rej|swp|@(dpkg|ucf)-*|rpm@(orig|new|save))))'
_cmd=$'2025-09-12T16:36:25-0400\tab3\twturner\t$$\tworkon pydantic_schemaorg && poetry run pytest -q -x -s src/test_classes.py::test_schemaorg_example[example0]'
_comp__base_directory=/usr/share/bash-completion
_comp_backup_glob='@(#*#|*@(~|.@(bak|orig|rej|swp|@(dpkg|ucf)-*|rpm@(orig|new|save))))'
_comp_dequote__regex_safe_word='^([^\'\''"$`;&|<>()!]|\\.|'\''[^'\'']*'\''|\$?"([^\"$`!]|\$([_a-zA-Z][_a-zA-Z0-9]*|[-*@#?$!0-9_])|\$\{[!#]?([_a-zA-Z][_a-zA-Z0-9]*(\[([0-9]+|[*@])\])?|[-*@#?$!0-9_])\}|\\.)*"|\$'\''([^\'\'']|\\.)*'\''|\$([_a-zA-Z][_a-zA-Z0-9]*|[-*@#?$!0-9_])|\$\{[!#]?([_a-zA-Z][_a-zA-Z0-9]*(\[([0-9]+|[*@])\])?|[-*@#?$!0-9_])\})*$'
_comp_xspecs=([tex]="!*.@(?(la)tex|texi|dtx|ins|ltx|dbj)" [freeamp]="!*.@(mp3|ogg|pls|m3u)" [gqmpeg]="!*.@(mp3|ogg|pls|m3u)" [texi2html]="!*.texi*" [hbpp]="!*.@([Pp][Rr][Gg]|[Cc][Ll][Pp])" [lowriter]="!*.@(sxw|stw|sxg|sgl|doc?([mx])|dot?([mx])|rtf|txt|htm|html|?(f)odt|ott|odm|pdf)" [rpm2cpio]="!*.[rs]pm" [localc]="!*.@(sxc|stc|xls?([bmx])|xlw|xlt?([mx])|[ct]sv|?(f)ods|ots)" [hbrun]="!*.[Hh][Rr][Bb]" [vi]="*.@([ao]|so|so.!(conf|*/*)|[rs]pm|gif|jp?(e)g|mp3|mp?(e)g|avi|asf|ogg|class)" [latex]="!*.@(?(la)tex|texi|dtx|ins|ltx|dbj)" [view]="*.@([ao]|so|so.!(conf|*/*)|[rs]pm|gif|jp?(e)g|mp3|mp?(e)g|avi|asf|ogg|class)" [madplay]="!*.mp3" [compress]="*.Z" [pdfjadetex]="!*.@(?(la)tex|texi|dtx|ins|ltx|dbj)" [pbunzip2]="!*.?(t)bz?(2)" [lrunzip]="!*.lrz" [gunzip]="!*.@(Z|[gGd]z|t[ag]z)" [oowriter]="!*.@(sxw|stw|sxg|sgl|doc?([mx])|dot?([mx])|rtf|txt|htm|html|?(f)odt|ott|odm|pdf)" [epiphany]="!*.@(?([xX]|[sS])[hH][tT][mM]?([lL]))" [acroread]="!*.[pf]df" [znew]="*.Z" [kwrite]="*.@([ao]|so|so.!(conf|*/*)|[rs]pm|gif|jp?(e)g|mp3|mp?(e)g|avi|asf|ogg|class)" [xemacs]="*.@([ao]|so|so.!(conf|*/*)|[rs]pm|gif|jp?(e)g|mp3|mp?(e)g|avi|asf|ogg|class)" [gview]="*.@([ao]|so|so.!(conf|*/*)|[rs]pm|gif|jp?(e)g|mp3|mp?(e)g|avi|asf|ogg|class)" [lzfgrep]="!*.@(tlz|lzma)" [lzless]="!*.@(tlz|lzma)" [cdiff]="!*.@(dif?(f)|?(d)patch)?(.@([gx]z|bz2|lzma))" [zipinfo]="!*.@(zip|[aegjkswx]ar|exe|pk3|wsz|zargo|xpi|s[tx][cdiw]|sx[gm]|o[dt][tspgfc]|od[bm]|oxt|?(o)xps|epub|cbz|apk|aab|ipa|do[ct][xm]|p[op]t[mx]|xl[st][xm]|pyz|vsix|whl|[Ff][Cc][Ss]td)" [pdflatex]="!*.@(?(la)tex|texi|dtx|ins|ltx|dbj)" [portecle]="!@(*.@(ks|jks|jceks|p12|pfx|bks|ubr|gkr|cer|crt|cert|p7b|pkipath|pem|p10|csr|crl)|cacerts)" [modplugplay]="!*.@(669|abc|am[fs]|d[bs]m|dmf|far|it|mdl|m[eo]d|mid?(i)|mt[2m]|oct|okt?(a)|p[st]m|s[3t]m|ult|umx|wav|xm)" [lokalize]="!*.po" [lbzcat]="!*.?(t)bz?(2)" [qiv]="!*.@(gif|jp?(e)g|tif?(f)|png|p[bgp]m|bmp|x[bp]m|rle|rgb|pcx|fits|pm|svg)" [totem]="!*@(.@(mp?(e)g|MP?(E)G|wm[av]|WM[AV]|avi|AVI|asf|vob|VOB|bin|dat|divx|DIVX|vcd|ps|pes|fli|flv|FLV|fxm|FXM|viv|rm|ram|yuv|mov|MOV|qt|QT|web[am]|WEB[AM]|mp[234]|MP[234]|m?(p)4[av]|M?(P)4[AV]|mkv|MKV|og[agmv]|OG[AGMV]|opus|OPUS|t[ps]|T[PS]|m2t?(s)|M2T?(S)|mts|MTS|wav|WAV|flac|FLAC|asx|ASX|mng|MNG|srt|m[eo]d|M[EO]D|s[3t]m|S[3T]M|it|IT|xm|XM|iso|ISO)|+([0-9]).@(vdr|VDR))?(.@(crdownload|part))" [ps2pdfwr]="!*.@(?(e)ps|pdf)" [dvitype]="!*.dvi" [unpigz]="!*.@(Z|[gGdz]z|t[ag]z)" [mozilla]="!*.@(?([xX]|[sS])[hH][tT][mM]?([lL]))" [pdfunite]="!*.pdf" [gpdf]="!*.[pf]df" [texi2dvi]="!*.@(?(la)tex|texi|dtx|ins|ltx|dbj)" [bunzip2]="!*.?(t)bz?(2)" [zathura]="!*.@(cb[rz7t]|djv?(u)|?(e)ps|pdf)" [kaffeine]="!*@(.@(mp?(e)g|MP?(E)G|wm[av]|WM[AV]|avi|AVI|asf|vob|VOB|bin|dat|divx|DIVX|vcd|ps|pes|fli|flv|FLV|fxm|FXM|viv|rm|ram|yuv|mov|MOV|qt|QT|web[am]|WEB[AM]|mp[234]|MP[234]|m?(p)4[av]|M?(P)4[AV]|mkv|MKV|og[agmv]|OG[AGMV]|opus|OPUS|t[ps]|T[PS]|m2t?(s)|M2T?(S)|mts|MTS|wav|WAV|flac|FLAC|asx|ASX|mng|MNG|srt|m[eo]d|M[EO]D|s[3t]m|S[3T]M|it|IT|xm|XM|iso|ISO)|+([0-9]).@(vdr|VDR))?(.@(crdownload|part))" [mpg123]="!*.mp3" [lzegrep]="!*.@(tlz|lzma)" [xv]="!*.@(gif|jp?(e)g?(2)|j2[ck]|jp[2f]|tif?(f)|png|p[bgpn]m|webp|bmp|x[bp]m|rle|rgb|pcx|fits|pm|?(e)ps)" [xdvi]="!*.@(dvi|DVI)?(.@(gz|Z|bz2))" [xfig]="!*.fig" [xpdf]="!*.[pf]df" [oobase]="!*.odb" [xelatex]="!*.@(?(la)tex|texi|dtx|ins|ltx|dbj)" [gharbour]="!*.@([Pp][Rr][Gg]|[Cc][Ll][Pp])" [bzcat]="!*.?(t)bz?(2)" [dragon]="!*@(.@(mp?(e)g|MP?(E)G|wm[av]|WM[AV]|avi|AVI|asf|vob|VOB|bin|dat|divx|DIVX|vcd|ps|pes|fli|flv|FLV|fxm|FXM|viv|rm|ram|yuv|mov|MOV|qt|QT|web[am]|WEB[AM]|mp[234]|MP[234]|m?(p)4[av]|M?(P)4[AV]|mkv|MKV|og[agmv]|OG[AGMV]|opus|OPUS|t[ps]|T[PS]|m2t?(s)|M2T?(S)|mts|MTS|wav|WAV|flac|FLAC|asx|ASX|mng|MNG|srt|m[eo]d|M[EO]D|s[3t]m|S[3T]M|it|IT|xm|XM|iso|ISO)|+([0-9]).@(vdr|VDR))?(.@(crdownload|part))" [xanim]="!*.@(mpg|mpeg|avi|mov|qt)" [lualatex]="!*.@(?(la)tex|texi|dtx|ins|ltx|dbj)" [rgview]="*.@([ao]|so|so.!(conf|*/*)|[rs]pm|gif|jp?(e)g|mp3|mp?(e)g|avi|asf|ogg|class)" [rvim]="*.@([ao]|so|so.!(conf|*/*)|[rs]pm|gif|jp?(e)g|mp3|mp?(e)g|avi|asf|ogg|class)" [xetex]="!*.@(?(la)tex|texi|dtx|ins|ltx|dbj)" [lomath]="!*.@(sxm|smf|mml|odf)" [zcat]="!*.@(Z|[gGd]z|t[ag]z)" [lynx]="!*.@(?([xX]|[sS])[hH][tT][mM]?([lL]))" [uncompress]="!*.Z" [xzcat]="!*.@(?(t)xz|tlz|lzma)" [vim]="*.@([ao]|so|so.!(conf|*/*)|[rs]pm|gif|jp?(e)g|mp3|mp?(e)g|avi|asf|ogg|class)" [loimpress]="!*.@(sxi|sti|pps?(x)|ppt?([mx])|pot?([mx])|?(f)odp|otp)" [dvipdf]="!*.dvi" [mpg321]="!*.mp3" [jadetex]="!*.@(?(la)tex|texi|dtx|ins|ltx|dbj)" [lobase]="!*.odb" [epdfview]="!*.pdf" [ps2pdf14]="!*.@(?(e)ps|pdf)" [ps2pdf13]="!*.@(?(e)ps|pdf)" [ps2pdf12]="!*.@(?(e)ps|pdf)" [poedit]="!*.po" [luatex]="!*.@(?(la)tex|texi|dtx|ins|ltx|dbj)" [kbabel]="!*.po" [bzme]="!*.@(zip|z|gz|tgz)" [dviselect]="!*.dvi" [realplay]="!*.@(rm?(j)|ra?(m)|smi?(l))" [kdvi]="!*.@(dvi|DVI)?(.@(gz|Z|bz2))" [elinks]="!*.@(?([xX]|[sS])[hH][tT][mM]?([lL]))" [kghostview]="!*.@(@(?(e)ps|?(E)PS|pdf|PDF)?(.gz|.GZ|.bz2|.BZ2|.Z))" [gtranslator]="!*.po" [unzip]="!*.@(zip|[aegjkswx]ar|exe|pk3|wsz|zargo|xpi|s[tx][cdiw]|sx[gm]|o[dt][tspgfc]|od[bm]|oxt|?(o)xps|epub|cbz|apk|aab|ipa|do[ct][xm]|p[op]t[mx]|xl[st][xm]|pyz|vsix|whl|[Ff][Cc][Ss]td)" [ggv]="!*.@(@(?(e)ps|?(E)PS|pdf|PDF)?(.gz|.GZ|.bz2|.BZ2|.Z))" [oomath]="!*.@(sxm|smf|mml|odf)" [dvipdfmx]="!*.dvi" [makeinfo]="!*.texi*" [okular]="!*.@(okular|@(?(e|x)ps|?(E|X)PS|[pf]df|[PF]DF|dvi|DVI|cb[rz]|CB[RZ]|djv?(u)|DJV?(U)|dvi|DVI|gif|jp?(e)g|miff|tif?(f)|pn[gm]|p[bgp]m|bmp|xpm|ico|xwd|tga|pcx|GIF|JP?(E)G|MIFF|TIF?(F)|PN[GM]|P[BGP]M|BMP|XPM|ICO|XWD|TGA|PCX|epub|EPUB|odt|ODT|fb?(2)|FB?(2)|mobi|MOBI|g3|G3|chm|CHM|md|markdown)?(.?(gz|GZ|bz2|BZ2|xz|XZ)))" [cacaxine]="!*@(.@(mp?(e)g|MP?(E)G|wm[av]|WM[AV]|avi|AVI|asf|vob|VOB|bin|dat|divx|DIVX|vcd|ps|pes|fli|flv|FLV|fxm|FXM|viv|rm|ram|yuv|mov|MOV|qt|QT|web[am]|WEB[AM]|mp[234]|MP[234]|m?(p)4[av]|M?(P)4[AV]|mkv|MKV|og[agmv]|OG[AGMV]|t[ps]|T[PS]|m2t?(s)|M2T?(S)|mts|MTS|wav|WAV|flac|FLAC|asx|ASX|mng|MNG|srt|m[eo]d|M[EO]D|s[3t]m|S[3T]M|it|IT|xm|XM)|+([0-9]).@(vdr|VDR))?(.@(crdownload|part))" [sxemacs]="*.@([ao]|so|so.!(conf|*/*)|[rs]pm|gif|jp?(e)g|mp3|mp?(e)g|avi|asf|ogg|class)" [aviplay]="!*.@(avi|asf|wmv)" [rgvim]="*.@([ao]|so|so.!(conf|*/*)|[rs]pm|gif|jp?(e)g|mp3|mp?(e)g|avi|asf|ogg|class)" [dvipdfm]="!*.dvi" [ly2dvi]="!*.ly" [oodraw]="!*.@(sxd|std|sda|sdd|?(f)odg|otg)" [kpdf]="!*.@(?(e)ps|pdf)" [bibtex]="!*.aux" [netscape]="!*.@(?([xX]|[sS])[hH][tT][mM]?([lL]))" [emacs]="*.@([ao]|so|so.!(conf|*/*)|[rs]pm|gif|jp?(e)g|mp3|mp?(e)g|avi|asf|ogg|class)" [rview]="*.@([ao]|so|so.!(conf|*/*)|[rs]pm|gif|jp?(e)g|mp3|mp?(e)g|avi|asf|ogg|class)" [galeon]="!*.@(?([xX]|[sS])[hH][tT][mM]?([lL]))" [dillo]="!*.@(?([xX]|[sS])[hH][tT][mM]?([lL]))" [fbxine]="!*@(.@(mp?(e)g|MP?(E)G|wm[av]|WM[AV]|avi|AVI|asf|vob|VOB|bin|dat|divx|DIVX|vcd|ps|pes|fli|flv|FLV|fxm|FXM|viv|rm|ram|yuv|mov|MOV|qt|QT|web[am]|WEB[AM]|mp[234]|MP[234]|m?(p)4[av]|M?(P)4[AV]|mkv|MKV|og[agmv]|OG[AGMV]|t[ps]|T[PS]|m2t?(s)|M2T?(S)|mts|MTS|wav|WAV|flac|FLAC|asx|ASX|mng|MNG|srt|m[eo]d|M[EO]D|s[3t]m|S[3T]M|it|IT|xm|XM)|+([0-9]).@(vdr|VDR))?(.@(crdownload|part))" [oocalc]="!*.@(sxc|stc|xls?([bmx])|xlw|xlt?([mx])|[ct]sv|?(f)ods|ots)" [harbour]="!*.@([Pp][Rr][Gg]|[Cc][Ll][Pp])" [lodraw]="!*.@(sxd|std|sda|sdd|?(f)odg|otg)" [dvips]="!*.dvi" [ps2pdf]="!*.@(?(e)ps|pdf)" [kate]="*.@([ao]|so|so.!(conf|*/*)|[rs]pm|gif|jp?(e)g|mp3|mp?(e)g|avi|asf|ogg|class)" [kid3-qt]="!*.@(mp[234c]|og[ag]|@(fl|a)ac|m4[abp]|spx|tta|w?(a)v|wma|aif?(f)|asf|ape)" [pdftex]="!*.@(?(la)tex|texi|dtx|ins|ltx|dbj)" [gvim]="*.@([ao]|so|so.!(conf|*/*)|[rs]pm|gif|jp?(e)g|mp3|mp?(e)g|avi|asf|ogg|class)" [timidity]="!*.@(mid?(i)|rmi|rcp|[gr]36|g18|mod|xm|it|x3m|s[3t]m|kar)" [ogg123]="!*.@(og[ag]|m3u|flac|spx)" [lzgrep]="!*.@(tlz|lzma)" [ee]="!*.@(gif|jp?(e)g|miff|tif?(f)|pn[gm]|p[bgp]m|bmp|xpm|ico|xwd|tga|pcx)" [unlzma]="!*.@(tlz|lzma)" [lbunzip2]="!*.?(t)bz?(2)" [ooimpress]="!*.@(sxi|sti|pps?(x)|ppt?([mx])|pot?([mx])|?(f)odp|otp)" [xine]="!*@(.@(mp?(e)g|MP?(E)G|wm[av]|WM[AV]|avi|AVI|asf|vob|VOB|bin|dat|divx|DIVX|vcd|ps|pes|fli|flv|FLV|fxm|FXM|viv|rm|ram|yuv|mov|MOV|qt|QT|web[am]|WEB[AM]|mp[234]|MP[234]|m?(p)4[av]|M?(P)4[AV]|mkv|MKV|og[agmv]|OG[AGMV]|t[ps]|T[PS]|m2t?(s)|M2T?(S)|mts|MTS|wav|WAV|flac|FLAC|asx|ASX|mng|MNG|srt|m[eo]d|M[EO]D|s[3t]m|S[3T]M|it|IT|xm|XM)|+([0-9]).@(vdr|VDR))?(.@(crdownload|part))" [amaya]="!*.@(?([xX]|[sS])[hH][tT][mM]?([lL]))" [gv]="!*.@(@(?(e)ps|?(E)PS|pdf|PDF)?(.gz|.GZ|.bz2|.BZ2|.Z))" [kid3]="!*.@(mp[234c]|og[ag]|@(fl|a)ac|m4[abp]|spx|tta|w?(a)v|wma|aif?(f)|asf|ape)" [lilypond]="!*.ly" [modplug123]="!*.@(669|abc|am[fs]|d[bs]m|dmf|far|it|mdl|m[eo]d|mid?(i)|mt[2m]|oct|okt?(a)|p[st]m|s[3t]m|ult|umx|wav|xm)" [pbzcat]="!*.?(t)bz?(2)" [unxz]="!*.@(?(t)xz|tlz|lzma)" [playmidi]="!*.@(mid?(i)|cmf)" [lzcat]="!*.@(tlz|lzma)" [slitex]="!*.@(?(la)tex|texi|dtx|ins|ltx|dbj)" [aaxine]="!*@(.@(mp?(e)g|MP?(E)G|wm[av]|WM[AV]|avi|AVI|asf|vob|VOB|bin|dat|divx|DIVX|vcd|ps|pes|fli|flv|FLV|fxm|FXM|viv|rm|ram|yuv|mov|MOV|qt|QT|web[am]|WEB[AM]|mp[234]|MP[234]|m?(p)4[av]|M?(P)4[AV]|mkv|MKV|og[agmv]|OG[AGMV]|t[ps]|T[PS]|m2t?(s)|M2T?(S)|mts|MTS|wav|WAV|flac|FLAC|asx|ASX|mng|MNG|srt|m[eo]d|M[EO]D|s[3t]m|S[3T]M|it|IT|xm|XM)|+([0-9]).@(vdr|VDR))?(.@(crdownload|part))" [advi]="!*.dvi" [lzmore]="!*.@(tlz|lzma)" )
_dotfiles_bashrc=/var/home/wturner/-dotfiles/etc/bash/00-bashrc.before.sh
_fzf_completion_loader=_comp_load
_fzf_orig_completion_awk='complete -F %s awk #_comp_complete_longopt'
_fzf_orig_completion_cat='complete -F %s cat #_comp_complete_longopt'
_fzf_orig_completion_cp='complete -F %s cp #_comp_complete_longopt'
_fzf_orig_completion_diff='complete -F %s diff #_comp_complete_longopt'
_fzf_orig_completion_du='complete -F %s du #_comp_complete_longopt'
_fzf_orig_completion_ftp='complete -F %s ftp #_comp_complete_known_hosts'
_fzf_orig_completion_grep='complete -F %s grep #_comp_complete_longopt'
_fzf_orig_completion_head='complete -F %s head #_comp_complete_longopt'
_fzf_orig_completion_ld='complete -F %s ld #_comp_complete_longopt'
_fzf_orig_completion_less='complete -F %s less #_comp_complete_longopt'
_fzf_orig_completion_ln='complete -F %s ln #_comp_complete_longopt'
_fzf_orig_completion_ls='complete -F %s ls #_comp_complete_longopt'
_fzf_orig_completion_mv='complete -F %s mv #_comp_complete_longopt'
_fzf_orig_completion_rm='complete -F %s rm #_comp_complete_longopt'
_fzf_orig_completion_rmdir='complete -F %s rmdir #_comp_complete_longopt'
_fzf_orig_completion_sed='complete -F %s sed #_comp_complete_longopt'
_fzf_orig_completion_sort='complete -F %s sort #_comp_complete_longopt'
_fzf_orig_completion_tail='complete -F %s tail #_comp_complete_longopt'
_fzf_orig_completion_tee='complete -F %s tee #_comp_complete_longopt'
_fzf_orig_completion_uniq='complete -F %s uniq #_comp_complete_longopt'
_fzf_orig_completion_wc='complete -F %s wc #_comp_complete_longopt'
_log=var/log
_usrlog_log_cmd_and_update_prompt_setxstate=
a=pydantic_schemaorg
activate=/var/home/wturner/-wrk/-ve311/pydantic_schemaorg/bin/activate
cd_after_activate=1
color_prompt=yes
conf=/var/home/wturner/-dotfiles/etc/bash
env_name=pydantic_schemaorg
env_postdeactivate_hook=/var/home/wturner/-wrk/-ve311/pydantic_schemaorg/bin/postdeactivate
envlogfile=var/log/venv....299..postdeactivate/exports_env.log
exportslogfile=var/log/venv....299..postdeactivate/exports.log
hook_script=/tmp/virtualenvwrapper-post_deactivate-hook-4V8SvLJWrn
i=1
in_args=([0]="pydantic_schemaorg")
lesspipe=/usr/sbin/lesspipe.sh
logdir=var/log/venv....299..postdeactivate
logkey=postdeactivate
old_env=pydantic_schemaorg
out_args=([0]="pydantic_schemaorg")
prefix=/var/home/wturner/-wrk/-ve311/pydantic_schemaorg
result=0
stepnum=299
term=
tst=-lt
virtualenvwrapper_original_deactivate=$'virtualenv_deactivate () \n{ \n    unset -f pydoc > /dev/null 2>&1 || true;\n    if ! [ -z "${_OLD_VIRTUAL_PATH:+_}" ]; then\n        PATH="$_OLD_VIRTUAL_PATH";\n        export PATH;\n        unset _OLD_VIRTUAL_PATH;\n    fi;\n    if ! [ -z "${_OLD_VIRTUAL_PYTHONHOME+_}" ]; then\n        PYTHONHOME="$_OLD_VIRTUAL_PYTHONHOME";\n        export PYTHONHOME;\n        unset _OLD_VIRTUAL_PYTHONHOME;\n    fi;\n    hash -r 2> /dev/null;\n    if ! [ -z "${_OLD_VIRTUAL_PS1+_}" ]; then\n        PS1="$_OLD_VIRTUAL_PS1";\n        export PS1;\n        unset _OLD_VIRTUAL_PS1;\n    fi;\n    unset VIRTUAL_ENV;\n    unset VIRTUAL_ENV_PROMPT;\n    if [ ! "${1-}" = "nondestructive" ]; then\n        unset -f virtualenv_deactivate;\n    fi\n}'
Git_create_new_repo () 
{ 
    reponame=$1;
    cd "$__SRC_GIT_GITOLITE_ADMIN_REPO" && ./add_repo.sh "$reponame"
}
Git_pushtocreate () 
{ 
    reponame=$1;
    repo_uri="${__SRC_GIT_URI}/${reponame}";
    username="westurner";
    here=$(pwd);
    repo_local_path=$2;
    remote_name=${__SRC_GIT_REMOTE_NAME};
    Git_create_new_repo "$reponame";
    ( cd "$repo_local_path" || return;
    git remote add "$remote_name" "$repo_uri" "${__SRC_GIT_URI}/${username}/${reponame}" && git push --all "$remote_name" && cd "$here" || return )
}
Hg () 
{ 
    path="${__SRC}/hg/$1";
    path=${path:-'.'};
    shift;
    cmd=("${@}");
    sudo -H -u hg -i /usr/bin/hg -R "${path}" "${cmd[@]}"
}
Hg_create_new_repo () 
{ 
    reponame=$1;
    ( cd "$__SRC_HG_SERVER_REMOTE_ADMIN" || return && ./add_repo.sh "$reponame" )
}
Hg_pushtocreate () 
{ 
    reponame=$1;
    repo_uri="${__SRC_HG_URI}/${reponame}";
    here=$(pwd);
    repo_local_path=$2;
    remote_name=${__SRC_HG_REMOTE_NAME}
}
Hgcheck () 
{ 
    path="${__SRC}/$1";
    path=${path:-'.'};
    shift;
    Hg "$path" tags;
    Hg "$path" id -n;
    Hg "$path" id;
    Hg "$path" branch
}
Hgclone () 
{ 
    url=$1;
    shift;
    path="${__SRC}/hg/$1";
    if [ -d "$path" ]; then
        echo "$path exists. Exiting." 1>&2;
        echo "see: update_repo $1";
        return 0;
    fi;
    sudo -u hg -i /usr/bin/hg clone "$url" "$path";
    fixperms "$path"
}
Hgcompare () 
{ 
    one=$1;
    two=$2;
    diff -Naur <(hg -R "${one}" log) <(hg -R "${two}" log)
}
Hglog () 
{ 
    path=$1;
    shift;
    Hg -R "$path" log "${@}"
}
Hgpull () 
{ 
    path=$1;
    shift;
    Hg "$path" pull "${@}";
    Hgcheck "$path"
}
Hgstatus () 
{ 
    path=$1;
    shift;
    Hg "$path" update "${@}"
}
Hgupdate () 
{ 
    path=$1;
    shift;
    Hg "$path" update "${@}"
}
PATH_contains () 
{ 
    local _path=${1};
    local _output;
    _output=$(echo "${PATH}" | tr ':' '\n' | grep "^${_path}$");
    if [ -z "${_output}" ]; then
        return 1;
    else
        echo "${_output}";
    fi
}
PATH_prepend () 
{ 
    if [[ "$PATH" =~ (^|:)"${1}"(:|$) ]]; then
        return 0;
    fi;
    export PATH=${1}:${PATH}
}
PATH_remove () 
{ 
    local _path=${1};
    _PATH=$(echo "${PATH}" | tr ':' '\n' | grep -v '^$' | grep -v "^${_path}$" | tr '\n' ':');
    export PATH=${_PATH}
}
__expand_tilde_by_ref () 
{ 
    [[ -n ${1+set} ]] || return 0;
    [[ $1 == REPLY ]] || local REPLY;
    _comp_expand_tilde "${!1-}";
    [[ $1 == REPLY ]] || printf -v "$1" "$REPLY"
}
__fzf_comprun () 
{ 
    if [[ "$(type -t _fzf_comprun 2>&1)" = function ]]; then
        _fzf_comprun "$@";
    else
        if [[ -n "${TMUX_PANE-}" ]] && { 
            [[ "${FZF_TMUX:-0}" != 0 ]] || [[ -n "${FZF_TMUX_OPTS-}" ]]
        }; then
            shift;
            fzf-tmux ${FZF_TMUX_OPTS:--d${FZF_TMUX_HEIGHT:-40%}} -- "$@";
        else
            shift;
            fzf "$@";
        fi;
    fi
}
__fzf_default_completion () 
{ 
    __fzf_generic_path_completion _fzf_compgen_path "-m" "" "$@";
    if [[ $? -eq 124 ]]; then
        _fzf_setup_completion path "$1";
        return 124;
    fi
}
__fzf_defaults () 
{ 
    printf '%s\n' "--height ${FZF_TMUX_HEIGHT:-40%} --min-height 20+ --bind=ctrl-z:ignore $1";
    command cat "${FZF_DEFAULT_OPTS_FILE-}" 2> /dev/null;
    printf '%s\n' "${FZF_DEFAULT_OPTS-} $2"
}
__fzf_defc () 
{ 
    local cmd func opts REPLY;
    cmd="$1";
    func="$2";
    opts="$3";
    if __fzf_orig_completion_instantiate "$cmd" "$func"; then
        eval "$REPLY";
    else
        eval "complete -F \"$func\" $opts \"$cmd\"";
    fi
}
__fzf_exec_awk () 
{ 
    if [[ -z ${__fzf_awk-} ]]; then
        __fzf_awk=awk;
        if [[ $OSTYPE == solaris* && -x /usr/xpg4/bin/awk ]]; then
            __fzf_awk=/usr/xpg4/bin/awk;
        else
            if command -v mawk > /dev/null 2>&1; then
                local n x y z d;
                IFS=' .' read -r n x y z d <<< $(command mawk -W version 2> /dev/null);
                [[ $n == mawk ]] && (( d >= 20230302 && (x * 1000 + y) * 1000 + z >= 1003004 )) && __fzf_awk=mawk;
            fi;
        fi;
    fi;
    LC_ALL=C exec "$__fzf_awk" "$@"
}
__fzf_generic_path_completion () 
{ 
    local cur base dir leftover matches trigger cmd;
    cmd="${COMP_WORDS[0]}";
    if [[ $cmd == \\* ]]; then
        cmd="${cmd:1}";
    fi;
    COMPREPLY=();
    trigger=${FZF_COMPLETION_TRIGGER-'**'};
    [[ $COMP_CWORD -ge 0 ]] && cur="${COMP_WORDS[COMP_CWORD]}";
    if [[ "$cur" == *"$trigger" ]] && [[ $cur != *'$('* ]] && [[ $cur != *':='* ]] && [[ $cur != *'`'* ]]; then
        base=${cur:0:${#cur}-${#trigger}};
        eval "base=$base" 2> /dev/null || return;
        dir=;
        [[ $base = *"/"* ]] && dir="$base";
        while true; do
            if [[ -z "$dir" ]] || [[ -d "$dir" ]]; then
                leftover=${base/#"$dir"};
                leftover=${leftover/#\/};
                [[ -z "$dir" ]] && dir='.';
                [[ "$dir" != "/" ]] && dir="${dir/%\//}";
                matches=$(export FZF_DEFAULT_OPTS=$(__fzf_defaults "--reverse --scheme=path" "${FZF_COMPLETION_OPTS-} $2")
unset FZF_DEFAULT_COMMAND FZF_DEFAULT_OPTS_FILE
if declare -F "$1" > /dev/null; then
    eval "$1 $(printf %q "$dir")" | __fzf_comprun "$4" -q "$leftover";
else
    if [[ $1 =~ dir ]]; then
        walker=dir,follow
eval "rest=(${FZF_COMPLETION_DIR_OPTS-})";
    else
        walker=file,dir,follow,hidden
eval "rest=(${FZF_COMPLETION_PATH_OPTS-})";
    fi
__fzf_comprun "$4" -q "$leftover" --walker "$walker" --walker-root="$dir" "${rest[@]}";
fi | while read -r item; do
    printf "%q " "${item%$3}$3";
done);
                matches=${matches% };
                [[ -z "$3" ]] && [[ "${__fzf_nospace_commands-}" = *" ${COMP_WORDS[0]} "* ]] && matches="$matches ";
                if [[ -n "$matches" ]]; then
                    COMPREPLY=("$matches");
                else
                    COMPREPLY=("$cur");
                fi;
                bind '"\e[0n": redraw-current-line' 2> /dev/null;
                printf '\e[5n';
                return 0;
            fi;
            dir=$(command dirname "$dir");
            [[ "$dir" =~ /$ ]] || dir="$dir"/;
        done;
    else
        shift;
        shift;
        shift;
        _fzf_handle_dynamic_completion "$cmd" "$@";
    fi
}
__fzf_list_hosts () 
{ 
    command sort -u <(set +f
GLOBIGNORE=
shopt -u dotglob nocaseglob failglob
shopt -s nullglob
__fzf_exec_awk '
          # Note: mawk <= 1.3.3-20090705 does not support the POSIX brackets of
          # the form [[:blank:]], and Ubuntu 18.04 LTS still uses this
          # 16-year-old mawk unfortunately.  We need to use [ \t] instead.
          match(tolower($0), /^[ \t]*host(name)?[ \t]*[ \t=]/) {
            $0 = substr($0, RLENGTH + 1) # Remove "Host(name)?=?"
            sub(/#.*/, "")
            for (i = 1; i <= NF; i++)
              if ($i !~ /[*?%]/)
                print $i
          }
        ' ~/.ssh/config ~/.ssh/config.d/* /etc/ssh/ssh_config 2> /dev/null) <(__fzf_exec_awk -F ',' '
          match($0, /^[][a-zA-Z0-9.,:-]+/) {
            $0 = substr($0, 1, RLENGTH)
            gsub(/[][]|:[^,]*/, "")
            for (i = 1; i <= NF; i++)
              print $i
          }
        ' ~/.ssh/known_hosts 2> /dev/null) <(__fzf_exec_awk '
          {
            sub(/#.*/, "")
            for (i = 2; i <= NF; i++)
              if ($i != "0.0.0.0")
                print $i
          }
        ' /etc/hosts 2> /dev/null)
}
__fzf_orig_completion () 
{ 
    local l comp f cmd;
    while read -r l; do
        if [[ "$l" =~ ^(.*\ -F)\ *([^ ]*).*\ ([^ ]*)$ ]]; then
            comp="${BASH_REMATCH[1]}";
            f="${BASH_REMATCH[2]}";
            cmd="${BASH_REMATCH[3]}";
            [[ "$f" = _fzf_* ]] && continue;
            printf -v "_fzf_orig_completion_${cmd//[^A-Za-z0-9_]/_}" "%s" "${comp} %s ${cmd} #${f}";
            if [[ "$l" = *" -o nospace "* ]] && [[ ! "${__fzf_nospace_commands-}" = *" $cmd "* ]]; then
                __fzf_nospace_commands="${__fzf_nospace_commands-} $cmd ";
            fi;
        fi;
    done
}
__fzf_orig_completion_get_orig_func () 
{ 
    local cmd orig_var orig;
    cmd=$1;
    orig_var="_fzf_orig_completion_${cmd//[^A-Za-z0-9_]/_}";
    orig="${!orig_var-}";
    REPLY="${orig##*#}";
    [[ -n $REPLY ]] && type "$REPLY" &> /dev/null
}
__fzf_orig_completion_instantiate () 
{ 
    local cmd func orig_var orig;
    cmd=$1;
    func=$2;
    orig_var="_fzf_orig_completion_${cmd//[^A-Za-z0-9_]/_}";
    orig="${!orig_var-}";
    orig="${orig%#*}";
    [[ $orig == *' %s '* ]] || return 1;
    printf -v REPLY "$orig" "$func"
}
__hgw () 
{ 
    hg -R "${_WRD}" $@
}
__load_completion () 
{ 
    _comp_load "$@"
}
__ltrim_colon_completions () 
{ 
    _comp_ltrim_colon_completions "$@"
}
__parse_options () 
{ 
    local -a _options=();
    _comp_compgen_help__parse "$1";
    printf '%s\n' "${_options[@]}"
}
__python_argcomplete_expand_tilde_by_ref () 
{ 
    if [ -n "${ZSH_VERSION-}" ]; then
        if [ "${(P)1[1]}" = "~" ]; then
            eval $1="${(P)1/#\~/$HOME}";
        fi;
    else
        if [ "${!1:0:1}" = "~" ]; then
            if [ "${!1}" != "${!1//\/}" ]; then
                eval $1="${!1/%\/*}"/'${!1#*/}';
            else
                eval $1="${!1}";
            fi;
        fi;
    fi
}
__python_argcomplete_run () 
{ 
    if [[ -z "${ARGCOMPLETE_USE_TEMPFILES-}" ]]; then
        __python_argcomplete_run_inner "$@";
        return;
    fi;
    local tmpfile="$(mktemp)";
    _ARGCOMPLETE_STDOUT_FILENAME="$tmpfile" __python_argcomplete_run_inner "$@";
    local code=$?;
    cat "$tmpfile";
    rm "$tmpfile";
    return $code
}
__python_argcomplete_run_inner () 
{ 
    if [[ -z "${_ARC_DEBUG-}" ]]; then
        "$@" 8>&1 9>&2 > /dev/null 2>&1 < /dev/null;
    else
        "$@" 8>&1 9>&2 1>&9 2>&1 < /dev/null;
    fi
}
__python_argcomplete_scan_head () 
{ 
    local file="$1";
    local target="$2";
    local REPLY;
    if [[ -n "${ZSH_VERSION-}" ]]; then
        read -r -k 1024 -u 0 < "$file";
    else
        read -r -N 1024 < "$file";
    fi;
    if [[ "$target" = "interpreter" ]]; then
        read -r <<< "$REPLY";
    fi;
    local regex;
    case "$target" in 
        magic_string)
            regex='PYTHON_ARGCOMPLETE_OK'
        ;;
        easy_install)
            regex="(PBR Generated)|(EASY-INSTALL-(SCRIPT|ENTRY-SCRIPT|DEV-SCRIPT))"
        ;;
        asdf)
            regex="asdf exec "
        ;;
        interpreter)
            regex='^#!(.*)$'
        ;;
    esac;
    local ret="";
    if [[ "$REPLY" =~ $regex ]]; then
        ret=1;
    fi;
    __python_argcomplete_upshift_bash_rematch;
    [[ -n $ret ]]
}
__python_argcomplete_scan_head_noerr () 
{ 
    __python_argcomplete_scan_head "$@" 2> /dev/null
}
__python_argcomplete_upshift_bash_rematch () 
{ 
    if [[ -z "${ZSH_VERSION-}" ]]; then
        _BASH_REMATCH=("" "${BASH_REMATCH[@]}");
    else
        _BASH_REMATCH=("${BASH_REMATCH[@]}");
    fi
}
__python_argcomplete_which () 
{ 
    if [[ -n "${ZSH_VERSION-}" ]]; then
        whence -p "$@";
    else
        type -P "$@";
    fi
}
__setup_conda_usage () 
{ 
    echo '_setup_conda [CONDA_ENVS_PATH|27-312] [CONDA_ROOT]
Setup environment variables for Conda/Mamba

## Usage:
_setup_conda     # __py27

_setup_conda ~/

_setup_conda 27  # __py27
_setup_conda 34  # __py34
_setup_conda 35  # __py35
_setup_conda 36  # __py36
_setup_conda 37  # __py37
_setup_conda 312  # __py312
_setup_conda ~/envs
_setup_conda ~/envs/ /opt/conda
_setup_conda [CONDA_ENVS_PATH|27-31] [CONDA_ROOT]
'
}
_allowed_groups () 
{ 
    _comp_compgen -c "${1:-$cur}" allowed_groups
}
_allowed_users () 
{ 
    _comp_compgen -c "${1:-$cur}" allowed_users
}
_auditctl_complete () 
{ 
    local cur prev;
    COMPREPLY=();
    cur="${COMP_WORDS[COMP_CWORD]}";
    prev="${COMP_WORDS[COMP_CWORD-1]}";
    case "$prev" in 
        -S)
            local syscalls;
            syscalls=$(ausyscall --dump 2> /dev/null | cut -f2);
            COMPREPLY=($(compgen -W "$syscalls" -- "$cur"));
            return 0
        ;;
        -R)
            _filedir;
            return 0
        ;;
        --signal)
            COMPREPLY=($(compgen -W "stop reload rotate resume state" -- "$cur"));
            return 0
        ;;
        -f | -e)
            COMPREPLY=($(compgen -W "0 1 2" -- "$cur"));
            return 0
        ;;
        -m)
            local types;
            types=$(ausearch -m 2>&1 | grep -oE '\b[A-Z_]+\b' | sort);
            COMPREPLY=($(compgen -W "$types" -- "$cur"));
            return 0
        ;;
    esac;
    COMPREPLY=($(compgen -W "$_auditctl_opts" -- "$cur"))
}
_augenrules_complete () 
{ 
    local cur;
    COMPREPLY=();
    cur="${COMP_WORDS[COMP_CWORD]}";
    COMPREPLY=($(compgen -W "$_augenrules_opts" -- "$cur"))
}
_aureport_complete () 
{ 
    local cur prev;
    COMPREPLY=();
    cur="${COMP_WORDS[COMP_CWORD]}";
    prev="${COMP_WORDS[COMP_CWORD-1]}";
    case "$prev" in 
        -if | --input)
            _filedir;
            return 0
        ;;
        -ts | --start | -te | --end)
            local times="now recent this-hour boot today yesterday this-week week-ago this-month this-year";
            COMPREPLY=($(compgen -W "$times" -- "$cur"));
            return 0
        ;;
    esac;
    COMPREPLY=($(compgen -W "$_aureport_opts" -- "$cur"))
}
_ausearch_complete () 
{ 
    local cur prev;
    COMPREPLY=();
    cur="${COMP_WORDS[COMP_CWORD]}";
    prev="${COMP_WORDS[COMP_CWORD-1]}";
    case "$prev" in 
        -if | --input)
            _filedir;
            return 0
        ;;
        -ts | --start | -te | --end)
            local times="now recent this-hour boot today yesterday this-week week-ago this-month this-year checkpoint";
            COMPREPLY=($(compgen -W "$times" -- "$cur"));
            return 0
        ;;
        -m | --message)
            local types;
            types=$(ausearch -m 2>&1 | grep -oE '\b[A-Z_]+\b' | sort);
            COMPREPLY=($(compgen -W "$types" -- "$cur"));
            return 0
        ;;
    esac;
    COMPREPLY=($(compgen -W "$_ausearch_opts" -- "$cur"))
}
_authselect_completions () 
{ 
    local COMMANDS;
    local command;
    local possibleopts;
    function is_valid_command () 
    { 
        local cmd;
        for cmd in "${COMMANDS[@]}";
        do
            if [[ "$cmd" = "$1" ]]; then
                return 0;
            fi;
        done;
        return 1
    };
    function get_command () 
    { 
        local opt;
        if [[ $COMP_CWORD -lt 2 ]]; then
            return;
        fi;
        for opt in "${COMP_WORDS[@]:0:$COMP_CWORD}";
        do
            if is_valid_command "$opt"; then
                echo "$opt";
                return;
            fi;
        done
    };
    function get_command_param () 
    { 
        local havecmd=0;
        local len=${#COMP_WORDS[@]}-1;
        if [[ "$command" = "" ]]; then
            return;
        fi;
        havecmd=0;
        for ((i=0; i<$len; i++ ))
        do
            if [[ "$havecmd" = "1" ]]; then
                if [[ "${COMP_WORDS[$i]}" =~ ^[-=] || "${COMP_WORDS[$i-1]}" = "=" ]]; then
                    continue;
                fi;
                echo "${COMP_WORDS[$i]}";
                return;
            fi;
            if [[ "${COMP_WORDS[$i]}" = "$command" ]]; then
                havecmd=1;
            fi;
        done
    };
    function get_profile () 
    { 
        case "$command" in 
            select | show | requirements | test | list-features)
                get_command_param
            ;;
            enable-feature | disable-feature)
                authselect current 2> /dev/null | head -n1 | cut -d" " -f3
            ;;
        esac
    };
    function get_command_keywords () 
    { 
        local profile;
        case "$command" in 
            select | requirements | test)
                profile="$(get_profile)";
                if [[ "$profile" != "" ]]; then
                    authselect list-features "$profile" 2> /dev/null;
                fi
            ;;
        esac
    };
    function get_command_options () 
    { 
        if [[ "${COMP_WORDS[$COMP_CWORD]}" =~ ^- ]]; then
            case "$command" in 
                select)
                    echo "--force --quiet --nobackup --backup="
                ;;
                apply-changes | disable-feature)
                    echo "--backup="
                ;;
                enable-feature)
                    echo "--backup= --quiet"
                ;;
                current | backup-list)
                    echo "--raw"
                ;;
                create-profile)
                    echo "--vendor --base-on= --base-on-default" "--symlink-meta --symlink-nsswitch --symlink-pam" "--symlink-dconf --symlink="
                ;;
                test)
                    echo "--all --nsswitch --system-auth --password-auth" "--smartcard-auth --fingerprint-auth --postlogin" "--dconf-db --dconf-lock"
                ;;
            esac;
        fi
    };
    function get_global_options () 
    { 
        if [[ "${COMP_WORDS[$COMP_CWORD]}" =~ ^- ]]; then
            echo "--debug --trace --warn --help";
        fi
    };
    function get_option_params () 
    { 
        local opt;
        if [[ $COMP_CWORD -gt 2 && "${COMP_WORDS[$COMP_CWORD-1]}" = "=" ]]; then
            opt="${COMP_WORDS[$COMP_CWORD-2]}";
        else
            if [[ $COMP_CWORD -gt 1 ]]; then
                opt="${COMP_WORDS[$COMP_CWORD-1]}";
            fi;
        fi;
        case "$opt" in 
            --base-on)
                authselect list 2> /dev/null | cut -d" " -f2
            ;;
            --symlink)
                echo "dconf-db dconf-locks fingerprint-auth nsswitch.conf" "password-auth postlogin smartcard-auth system-auth" "README REQUIREMENTS"
            ;;
        esac
    };
    function get_command_params () 
    { 
        local i;
        local profile;
        if [[ "$command" = "" ]]; then
            return;
        fi;
        for ((i=$COMP_CWORD-1; i>1; i-- ))
        do
            opt="${COMP_WORDS[$i]}";
            if [[ "$opt" = "$command" ]]; then
                break;
            fi;
            if [[ "$opt" =~ ^[-=] || "${COMP_WORDS[$i-1]}" = "=" ]]; then
                continue;
            fi;
            return;
        done;
        case "$command" in 
            select | show | requirements | test | list-features)
                authselect list 2> /dev/null | cut -d" " -f2
            ;;
            backup-remove | backup-restore)
                authselect backup-list 2> /dev/null | cut -d" " -f1
            ;;
            enable-feature | disable-feature)
                profile="$(get_profile)";
                if [[ "$profile" != "" ]]; then
                    authselect list-features "$profile" 2> /dev/null;
                fi
            ;;
        esac
    };
    COMMANDS=(select apply-changes list list-features show requirements current check test enable-feature disable-feature create-profile backup-list backup-remove backup-restore opt-out);
    possibleopts="$(get_option_params)";
    if [[ "$possibleopts" != "" ]]; then
        if [[ "${COMP_WORDS[$COMP_CWORD]}" = "=" ]]; then
            COMPREPLY=($(compgen -W "$possibleopts"));
        else
            COMPREPLY=($(compgen -W "$possibleopts" -- "${COMP_WORDS[$COMP_CWORD]}"));
        fi;
    else
        command="$(get_command)";
        if [[ "$command" = "" ]]; then
            possibleopts="$(get_global_options) ${COMMANDS[@]}";
        else
            possibleopts="$(get_global_options) $(get_command_params) $(get_command_keywords) $(get_command_options)";
        fi;
        COMPREPLY=($(compgen -W "$possibleopts" -- "${COMP_WORDS[$COMP_CWORD]}"));
    fi
}
_available_interfaces () 
{ 
    _comp_compgen_available_interfaces "$@"
}
_bashcomp_try_faketty () 
{ 
    _comp_try_faketty "$@"
}
_bookmark_name_valid () 
{ 
    exit_message="";
    if [ -z $1 ]; then
        exit_message="bookmark name required";
        echo $exit_message;
    else
        if [ "$1" != "$(echo $1 | sed 's/[^A-Za-z0-9_]//g')" ]; then
            exit_message="bookmark name is not valid";
            echo $exit_message;
        fi;
    fi
}
_cd () 
{ 
    declare -F _comp_cmd_cd &> /dev/null || __load_completion cd;
    _comp_cmd_cd "$@"
}
_cd_CONDA_ENVS_PATH_complete () 
{ 
    local cur="$2";
    COMPREPLY=($(cdcondaenvspath && compgen -d -- "${cur}"))
}
_cd_CONDA_ROOT_complete () 
{ 
    local cur="$2";
    COMPREPLY=($(cdcondaroot && compgen -d -- "${cur}"))
}
_cd_HOME_complete () 
{ 
    local cur="$2";
    COMPREPLY=($(cdhome && compgen -d -- "${cur}"))
}
_cd_PROJECT_HOME_complete () 
{ 
    local cur="$2";
    COMPREPLY=($(cdprojecthome && compgen -d -- "${cur}"))
}
_cd_VIRTUAL_ENV_complete () 
{ 
    local cur="$2";
    COMPREPLY=($(cdvirtualenv && compgen -d -- "${cur}"))
}
_cd_WORKON_HOME_complete () 
{ 
    local cur="$2";
    COMPREPLY=($(cdworkonhome && compgen -d -- "${cur}"))
}
_cd__BIN_complete () 
{ 
    local cur="$2";
    COMPREPLY=($(cdbin && compgen -d -- "${cur}"))
}
_cd__ETC_complete () 
{ 
    local cur="$2";
    COMPREPLY=($(cdetc && compgen -d -- "${cur}"))
}
_cd__LIB_complete () 
{ 
    local cur="$2";
    COMPREPLY=($(cdlib && compgen -d -- "${cur}"))
}
_cd__LOG_complete () 
{ 
    local cur="$2";
    COMPREPLY=($(cdlog && compgen -d -- "${cur}"))
}
_cd__PYLIB_complete () 
{ 
    local cur="$2";
    COMPREPLY=($(cdpylib && compgen -d -- "${cur}"))
}
_cd__PYSITE_complete () 
{ 
    local cur="$2";
    COMPREPLY=($(cdpysite && compgen -d -- "${cur}"))
}
_cd__SRC_complete () 
{ 
    local cur="$2";
    COMPREPLY=($(cdsrc && compgen -d -- "${cur}"))
}
_cd__VAR_complete () 
{ 
    local cur="$2";
    COMPREPLY=($(cdvar && compgen -d -- "${cur}"))
}
_cd__WRD_complete () 
{ 
    local cur="$2";
    COMPREPLY=($(cdwrd && compgen -d -- "${cur}"))
}
_cd__WWW_complete () 
{ 
    local cur="$2";
    COMPREPLY=($(cdwww && compgen -d -- "${cur}"))
}
_cd___DOTFILES_complete () 
{ 
    local cur="$2";
    COMPREPLY=($(cddotfiles && compgen -d -- "${cur}"))
}
_cd___WRK_complete () 
{ 
    local cur="$2";
    COMPREPLY=($(cdwrk && compgen -d -- "${cur}"))
}
_cd_devices () 
{ 
    _comp_compgen -a cd_devices
}
_cdsitepackages_complete () 
{ 
    local cur="$2";
    COMPREPLY=($(cdsitepackages && compgen -d -- "${cur}"))
}
_cdvirtualenv_complete () 
{ 
    local cur="$2";
    COMPREPLY=($(cdvirtualenv && compgen -d -- "${cur}"))
}
_command () 
{ 
    _comp_command "$@"
}
_command_offset () 
{ 
    local words;
    unset -v words;
    _comp_command_offset "$@"
}
_comp () 
{ 
    local curw;
    COMPREPLY=();
    curw=${COMP_WORDS[COMP_CWORD]};
    COMPREPLY=($(compgen -W '`_l`' -- $curw));
    return 0
}
_comp__find_original_word () 
{ 
    REPLY=$1;
    [[ -v cword && -v words ]] || return 0;
    local reassembled_offset=$1 i=0 j;
    for ((j = 0; j < reassembled_offset; j++))
    do
        local word=${words[j]};
        while [[ -n $word && i -lt ${#COMP_WORDS[@]} && $word == *"${COMP_WORDS[i]}"* ]]; do
            word=${word#*"${COMP_WORDS[i++]}"};
        done;
    done;
    REPLY=$i
}
_comp__get_cword_at_cursor () 
{ 
    local cword words=();
    _comp__reassemble_words "$1" words cword;
    local i cur="" index=$COMP_POINT lead=${COMP_LINE:0:COMP_POINT};
    if [[ $index -gt 0 && ( -n $lead && -n ${lead//[[:space:]]/} ) ]]; then
        cur=$COMP_LINE;
        for ((i = 0; i <= cword; ++i))
        do
            while [[ ${#cur} -ge ${#words[i]} && ${cur:0:${#words[i]}} != "${words[i]-}" ]]; do
                cur=${cur:1};
                ((index > 0)) && ((index--));
            done;
            if ((i < cword)); then
                local old_size=${#cur};
                cur=${cur#"${words[i]}"};
                local new_size=${#cur};
                ((index -= old_size - new_size));
            fi;
        done;
        [[ -n $cur && ! -n ${cur//[[:space:]]/} ]] && cur=;
        ((index < 0)) && index=0;
    fi;
    local IFS=' 	
';
    local "$2" "$3" "$4" && _comp_upvars -a"${#words[@]}" "$2" ${words[@]+"${words[@]}"} -v "$3" "$cword" -v "$4" "${cur:0:index}"
}
_comp__included_ssh_config_files () 
{ 
    (($# < 1)) && echo "bash_completion: $FUNCNAME: missing mandatory argument CONFIG" 1>&2;
    local configfile i files f REPLY;
    configfile=$1;
    local relative_include_base;
    if [[ $configfile == /etc/ssh* ]]; then
        relative_include_base="/etc/ssh";
    else
        relative_include_base="$HOME/.ssh";
    fi;
    local depth=1;
    local -a included;
    local -a include_files;
    included=("$configfile");
    local max_depth=16;
    while ((${#included[@]} > 0 && depth++ < max_depth)); do
        _comp_split include_files "$(command sed -ne 's/^[[:blank:]]*[Ii][Nn][Cc][Ll][Uu][Dd][Ee][[:blank:]]\(.*\)$/\1/p' "${included[@]}")" || return;
        included=();
        for i in "${include_files[@]}";
        do
            if [[ $i != [~/]* ]]; then
                i="${relative_include_base}/${i}";
            fi;
            _comp_expand_tilde "$i";
            if _comp_expand_glob files '$REPLY'; then
                for f in "${files[@]}";
                do
                    if [[ -r $f && ! -d $f ]]; then
                        config+=("$f");
                        included+=("$f");
                    fi;
                done;
            fi;
        done;
    done
}
_comp__reassemble_words () 
{ 
    local exclude="" i j line ref;
    if [[ -n $1 ]]; then
        exclude="[${1//[^$COMP_WORDBREAKS]/}]";
    fi;
    printf -v "$3" %s "$COMP_CWORD";
    if [[ -n $exclude ]]; then
        line=$COMP_LINE;
        for ((i = 0, j = 0; i < ${#COMP_WORDS[@]}; i++, j++))
        do
            while [[ $i -gt 0 && ${COMP_WORDS[i]} == +($exclude) ]]; do
                [[ $line != [[:blank:]]* ]] && ((j >= 2)) && ((j--));
                ref="$2[$j]";
                printf -v "$ref" %s "${!ref-}${COMP_WORDS[i]}";
                ((i == COMP_CWORD)) && printf -v "$3" %s "$j";
                line=${line#*"${COMP_WORDS[i]}"};
                if ((i < ${#COMP_WORDS[@]} - 1)); then
                    ((i++));
                else
                    break 2;
                fi;
                [[ $line == [[:blank:]]* ]] && ((j++));
            done;
            ref="$2[$j]";
            printf -v "$ref" %s "${!ref-}${COMP_WORDS[i]}";
            line=${line#*"${COMP_WORDS[i]}"};
            ((i == COMP_CWORD)) && printf -v "$3" %s "$j";
        done;
        ((i == COMP_CWORD)) && printf -v "$3" %s "$j";
    else
        for i in "${!COMP_WORDS[@]}";
        do
            printf -v "$2[i]" %s "${COMP_WORDS[i]}";
        done;
    fi
}
_comp__split_longopt () 
{ 
    if [[ $cur == --?*=* ]]; then
        prev=${cur%%?(\\)=*};
        cur=${cur#*=};
        return 0;
    fi;
    return 1
}
_comp_abspath () 
{ 
    REPLY=$1;
    [[ $REPLY == /* ]] || REPLY=$PWD/$REPLY;
    REPLY=${REPLY//+(\/)/\/};
    while true; do
        case $REPLY in 
            */./*)
                REPLY=${REPLY//\/.\//\/}
            ;;
            */.)
                REPLY=${REPLY%/.}
            ;;
            /..?(/*))
                REPLY=${REPLY#/..}
            ;;
            */+([^/])/../*)
                REPLY=${REPLY/\/+([^\/])\/..\//\/}
            ;;
            */+([^/])/..)
                REPLY=${REPLY%/+([^/])/..}
            ;;
            *)
                break
            ;;
        esac;
    done;
    [[ -n $REPLY ]] || REPLY=/
}
_comp_as_root () 
{ 
    [[ $EUID -eq 0 || -n ${_comp_root_command-} ]]
}
_comp_awk () 
{ 
    command awk "$@"
}
_comp_command () 
{ 
    local words;
    unset -v words;
    local offset i;
    offset=1;
    for ((i = 1; i <= COMP_CWORD; i++))
    do
        if [[ ${COMP_WORDS[i]} != -* ]]; then
            offset=$i;
            break;
        fi;
    done;
    _comp_command_offset $offset
}
_comp_command_offset () 
{ 
    local REPLY;
    _comp__find_original_word "$1";
    local word_offset=$REPLY;
    local COMP_LINE=$COMP_LINE COMP_POINT=$COMP_POINT COMP_CWORD=$COMP_CWORD;
    local -a comp_words=("${COMP_WORDS[@]}");
    local -a COMP_WORDS=("${comp_words[@]}");
    local i tail;
    for ((i = 0; i < word_offset; i++))
    do
        tail=${COMP_LINE#*"${COMP_WORDS[i]}"};
        ((COMP_POINT -= ${#COMP_LINE} - ${#tail}));
        COMP_LINE=$tail;
    done;
    COMP_WORDS=("${COMP_WORDS[@]:word_offset}");
    ((COMP_CWORD -= word_offset));
    COMPREPLY=();
    local cur;
    _comp_get_words cur;
    if ((COMP_CWORD == 0)); then
        _comp_compgen_commands;
    else
        _comp_dequote "${COMP_WORDS[0]}" || REPLY=${COMP_WORDS[0]};
        local cmd=$REPLY compcmd=$REPLY;
        local cspec=$(complete -p -- "$cmd" 2> /dev/null);
        if [[ ! -n $cspec && $cmd == */* ]]; then
            cspec=$(complete -p -- "${cmd##*/}" 2> /dev/null);
            [[ -n $cspec ]] && compcmd=${cmd##*/};
        fi;
        if [[ ! -n $cspec ]]; then
            compcmd=${cmd##*/};
            _comp_load -D -- "$compcmd";
            cspec=$(complete -p -- "$compcmd" 2> /dev/null);
        fi;
        local retry_count=0;
        while true; do
            local args original_cur=${comp_args[1]-$cur};
            if ((${#COMP_WORDS[@]} >= 2)); then
                args=("$cmd" "$original_cur" "${COMP_WORDS[-2]}");
            else
                args=("$cmd" "$original_cur");
            fi;
            if [[ ! -n $cspec ]]; then
                if ((${#COMPREPLY[@]} == 0)); then
                    _comp_complete_minimal "${args[@]}";
                fi;
            else
                if [[ $cspec == *\ -[CF]\ * ]]; then
                    if [[ $cspec == *' -F '* ]]; then
                        local func=${cspec#* -F };
                        func=${func%% *};
                        $func "${args[@]}";
                        if (($? == 124 && retry_count++ == 0)); then
                            COMPREPLY=();
                            cspec=$(complete -p -- "$compcmd" 2> /dev/null);
                            [[ -n $cspec ]] || break;
                            continue;
                        fi;
                    else
                        local completer=${cspec#* -C \'};
                        if ! _comp_dequote "'$completer"; then
                            _minimal "${args[@]}";
                            break;
                        fi;
                        completer=${REPLY[0]};
                        local -a suggestions;
                        local IFS=' 	
';
                        local reset_monitor=$(shopt -po monitor) reset_lastpipe=$(shopt -p lastpipe) reset_noglob=$(shopt -po noglob);
                        set +o monitor;
                        shopt -s lastpipe;
                        set -o noglob;
                        COMP_KEY="$COMP_KEY" COMP_LINE="$COMP_LINE" COMP_POINT="$COMP_POINT" COMP_TYPE="$COMP_TYPE" $completer "${args[@]}" | mapfile -t suggestions;
                        $reset_monitor;
                        $reset_lastpipe;
                        $reset_noglob;
                        _comp_unlocal IFS;
                        local suggestion;
                        local i=0;
                        COMPREPLY=();
                        for suggestion in "${suggestions[@]}";
                        do
                            COMPREPLY[i]+=${COMPREPLY[i]+'
'}$suggestion;
                            if [[ $suggestion != *\\ ]]; then
                                ((i++));
                            fi;
                        done;
                    fi;
                    local opt;
                    while [[ $cspec == *" -o "* ]]; do
                        cspec=${cspec#*-o };
                        opt=${cspec%% *};
                        compopt -o "$opt";
                        cspec=${cspec#"$opt"};
                    done;
                else
                    cspec=${cspec#complete};
                    cspec=${cspec%%@("$compcmd"|"'${compcmd//\'/\'\\\'\'}'")};
                    eval "_comp_compgen -- $cspec";
                fi;
            fi;
            break;
        done;
    fi
}
_comp_compgen () 
{ 
    local _append=;
    local _var=;
    local _cur=${_comp_compgen__cur-${cur-}};
    local _dir="";
    local _ifs=' 	
' _has_ifs="";
    local _icmd="" _xcmd="";
    local -a _upvars=();
    local _old_nocasematch="";
    if shopt -q nocasematch; then
        _old_nocasematch=set;
        shopt -u nocasematch;
    fi;
    local OPTIND=1 OPTARG="" OPTERR=0 _opt;
    while getopts ':av:U:Rc:C:lF:i:x:' _opt "$@"; do
        case $_opt in 
            a)
                _append=set
            ;;
            v)
                if [[ $OPTARG == @(*[^_a-zA-Z0-9]*|[0-9]*|''|_*|IFS|OPTIND|OPTARG|OPTERR|cur) ]]; then
                    printf 'bash_completion: %s: -v: invalid array name `%s'\''\n' "$FUNCNAME" "$OPTARG" 1>&2;
                    return 2;
                fi;
                _var=$OPTARG
            ;;
            U)
                if [[ $OPTARG == @(*[^_a-zA-Z0-9]*|[0-9]*|'') ]]; then
                    printf 'bash_completion: %s: -U: invalid variable name `%s'\''\n' "$FUNCNAME" "$OPTARG" 1>&2;
                    return 2;
                else
                    if [[ $OPTARG == @(_*|IFS|OPTIND|OPTARG|OPTERR|cur) ]]; then
                        printf 'bash_completion: %s: -U: unnecessary to mark `%s'\'' as upvar\n' "$FUNCNAME" "$OPTARG" 1>&2;
                        return 2;
                    fi;
                fi;
                _upvars+=("$OPTARG")
            ;;
            c)
                _cur=$OPTARG
            ;;
            R)
                _cur=""
            ;;
            C)
                if [[ ! -n $OPTARG ]]; then
                    printf 'bash_completion: %s: -C: invalid directory name `%s'\''\n' "$FUNCNAME" "$OPTARG" 1>&2;
                    return 2;
                fi;
                _dir=$OPTARG
            ;;
            l)
                _has_ifs=set _ifs='
'
            ;;
            F)
                _has_ifs=set _ifs=$OPTARG
            ;;
            [ix])
                if [[ ! -n $OPTARG ]]; then
                    printf 'bash_completion: %s: -%s: invalid command name `%s'\''\n' "$FUNCNAME" "$_opt" "$OPTARG" 1>&2;
                    return 2;
                else
                    if [[ -n $_icmd ]]; then
                        printf 'bash_completion: %s: -%s: `-i %s'\'' is already specified\n' "$FUNCNAME" "$_opt" "$_icmd" 1>&2;
                        return 2;
                    else
                        if [[ -n $_xcmd ]]; then
                            printf 'bash_completion: %s: -%s: `-x %s'\'' is already specified\n' "$FUNCNAME" "$_opt" "$_xcmd" 1>&2;
                            return 2;
                        fi;
                    fi;
                fi
            ;;&
            i)
                _icmd=$OPTARG
            ;;
            x)
                _xcmd=$OPTARG
            ;;
            *)
                printf 'bash_completion: %s: usage error\n' "$FUNCNAME" 1>&2;
                return 2
            ;;
        esac;
    done;
    [[ -n $_old_nocasematch ]] && shopt -s nocasematch;
    shift "$((OPTIND - 1))";
    if (($# == 0)); then
        printf 'bash_completion: %s: unexpected number of arguments\n' "$FUNCNAME" 1>&2;
        printf 'usage: %s [-alR|-F SEP|-v ARR|-c CUR] -- ARGS...' "$FUNCNAME" 1>&2;
        return 2;
    fi;
    if [[ ! -n $_var ]]; then
        _var=${_comp_compgen__var-COMPREPLY};
        [[ -n $_append ]] || _append=${_comp_compgen__append-};
    fi;
    if [[ $1 != -* ]]; then
        if [[ -n $_has_ifs ]]; then
            printf 'bash_completion: %s: `-l'\'' and `-F sep'\'' are not supported for generators\n' "$FUNCNAME" 1>&2;
            return 2;
        fi;
        local -a _generator;
        if [[ -n $_icmd ]]; then
            _generator=("_comp_cmd_${_icmd//[^a-zA-Z0-9_]/_}__compgen_$1");
        else
            if [[ -n $_xcmd ]]; then
                _generator=(_comp_xfunc "$_xcmd" "compgen_$1");
            else
                _generator=("_comp_compgen_$1");
            fi;
        fi;
        if ! declare -F -- "${_generator[0]}" &> /dev/null; then
            printf 'bash_completion: %s: unrecognized generator `%s'\'' (function %s not found)\n' "$FUNCNAME" "$1" "${_generator[0]}" 1>&2;
            return 2;
        fi;
        shift;
        _comp_compgen__call_generator "$@";
    else
        if [[ -n $_icmd || -n $_xcmd ]]; then
            printf 'bash_completion: %s: generator name is unspecified for `%s'\''\n' "$FUNCNAME" "${_icmd:+-i $_icmd}${_xcmd:+x $_xcmd}" 1>&2;
            return 2;
        fi;
        local IFS=' 	
';
        if [[ $* == *\$[0-9]* || $* == *\$\{[0-9]* ]]; then
            printf 'bash_completion: %s: positional parameter $1, $2, ... do not work inside this function\n' "$FUNCNAME" 1>&2;
            return 2;
        fi;
        _comp_compgen__call_builtin "$@";
    fi
}
_comp_compgen__call_builtin () 
{ 
    local _result;
    _result=$(if [[ -n $_dir ]]; then
    command cd -- "$_dir" &> /dev/null || return;
fi
IFS=$_ifs compgen "$@" ${_cur:+-- "$_cur"}) || { 
        _comp_compgen__error_fallback;
        return
    };
    ((${#_upvars[@]})) && _comp_unlocal "${_upvars[@]}";
    _comp_split -l ${_append:+-a} "$_var" "$_result"
}
_comp_compgen__call_generator () 
{ 
    ((${#_upvars[@]})) && _comp_unlocal "${_upvars[@]}";
    if [[ -n $_dir ]]; then
        local _original_pwd=$PWD;
        local PWD=${PWD-} OLDPWD=${OLDPWD-};
        command cd -- "$_dir" &> /dev/null || { 
            _comp_compgen__error_fallback;
            return
        };
    fi;
    local _comp_compgen__append=$_append;
    local _comp_compgen__var=$_var;
    local _comp_compgen__cur=$_cur cur=$_cur;
    "${_generator[@]}" "$@";
    local _status=$?;
    [[ -n $_dir ]] && command cd -- "$_original_pwd";
    return "$_status"
}
_comp_compgen__error_fallback () 
{ 
    local _status=$?;
    if [[ -n $_append ]]; then
        eval -- "$_var+=()";
    else
        eval -- "$_var=()";
    fi;
    return "$_status"
}
_comp_compgen_allowed_groups () 
{ 
    if _comp_as_root; then
        _comp_compgen -- -g;
    else
        _comp_compgen_split -- "$(id -Gn 2> /dev/null || groups 2> /dev/null)";
    fi
}
_comp_compgen_allowed_users () 
{ 
    if _comp_as_root; then
        _comp_compgen -- -u;
    else
        _comp_compgen_split -- "$(id -un 2> /dev/null || whoami 2> /dev/null)";
    fi
}
_comp_compgen_available_interfaces () 
{ 
    local PATH=$PATH:/sbin;
    local generated;
    _comp_compgen -v generated split -- "$({ if [[ ${1-} == -w ]]; then
    iwconfig;
else
    if [[ ${1-} == -a ]]; then
        ip -c=never link show up || ip link show up || ifconfig;
    else
        ip -c=never link show || ip link show || ifconfig -a;
    fi;
fi; } 2> /dev/null | _comp_awk '/^[^ \t]/ { if ($1 ~ /^[0-9]+:/) { print $2 } else { print $1 } }')" && _comp_compgen -U generated set "${generated[@]%:}"
}
_comp_compgen_cd_devices () 
{ 
    _comp_compgen -c "${cur:-/dev/}" -- -f -d -X "!*/?([amrs])cd!(c-*)"
}
_comp_compgen_commands () 
{ 
    [[ ! -n ${cur-} ]] && shopt -q no_empty_cmd_completion && return 1;
    _comp_compgen -- -c -o plusdirs && compopt -o filenames
}
_comp_compgen_configured_interfaces () 
{ 
    local -a files;
    if [[ -f /etc/debian_version ]]; then
        _comp_expand_glob files '/etc/network/interfaces /etc/network/interfaces.d/*' || return 0;
        _comp_compgen -U files split -- "$(command sed -ne 's|^iface \([^ ]\{1,\}\).*$|\1|p' "${files[@]}" 2> /dev/null)";
    else
        if [[ -f /etc/SuSE-release ]]; then
            _comp_expand_glob files '/etc/sysconfig/network/ifcfg-*' || return 0;
            _comp_compgen -U files split -- "$(printf '%s\n' "${files[@]}" | command sed -ne 's|.*ifcfg-\([^*].*\)$|\1|p')";
        else
            if [[ -f /etc/pld-release ]]; then
                _comp_compgen -U files split -- "$(command ls -B /etc/sysconfig/interfaces | command sed -ne 's|.*ifcfg-\([^*].*\)$|\1|p')";
            else
                _comp_expand_glob files '/etc/sysconfig/network-scripts/ifcfg-*' || return 0;
                _comp_compgen -U files split -- "$(printf '%s\n' "${files[@]}" | command sed -ne 's|.*ifcfg-\([^*].*\)$|\1|p')";
            fi;
        fi;
    fi
}
_comp_compgen_dvd_devices () 
{ 
    _comp_compgen -c "${cur:-/dev/}" -- -f -d -X "!*/?(r)dvd*"
}
_comp_compgen_filedir () 
{ 
    _comp_compgen_tilde && return;
    local -a toks;
    local _arg=${1-};
    if [[ $_arg == -d ]]; then
        _comp_compgen -v toks -- -d;
    else
        local REPLY;
        _comp_quote_compgen "${cur-}";
        local _quoted=$REPLY;
        _comp_unlocal REPLY;
        [[ $_quoted == "''" ]] && _quoted="";
        local _xspec=${_arg:+"!*.@($_arg|${_arg^^})"} _plusdirs=();
        local _opts=(-f -X "$_xspec");
        [[ -n $_xspec ]] && _plusdirs=(-o plusdirs);
        [[ -n ${BASH_COMPLETION_FILEDIR_FALLBACK-} || ! -n ${_plusdirs-} ]] || _opts+=("${_plusdirs[@]}");
        _comp_compgen -v toks -c "$_quoted" -- "${_opts[@]}";
        [[ -n ${BASH_COMPLETION_FILEDIR_FALLBACK-} && -n $_arg && ${#toks[@]} -lt 1 ]] && _comp_compgen -av toks -c "$_quoted" -- -f ${_plusdirs+"${_plusdirs[@]}"};
    fi;
    if ((${#toks[@]} != 0)); then
        if [[ $cur != ?(*/).. ]]; then
            _comp_compgen -Rv toks -- -X '?(*/)@(.|..)' -W '"${toks[@]}"';
        fi;
    fi;
    if ((${#toks[@]} != 0)); then
        compopt -o filenames 2> /dev/null;
    fi;
    local IFS=' 	
';
    _comp_compgen -U toks set ${toks[@]+"${toks[@]}"}
}
_comp_compgen_filedir_xspec () 
{ 
    _comp_compgen_tilde && return;
    local REPLY;
    _comp_quote_compgen "$cur";
    local quoted=$REPLY;
    local xspec=${_comp_xspecs[${1##*/}]-${_xspecs[${1##*/}]-}};
    local -a toks;
    _comp_compgen -v toks -c "$quoted" -- -d;
    eval xspec="${xspec}";
    local matchop=!;
    if [[ $xspec == !* ]]; then
        xspec=${xspec#!};
        matchop=@;
    fi;
    xspec="$matchop($xspec|${xspec^^})";
    _comp_compgen -av toks -c "$quoted" -- -f -X "@(|!($xspec))";
    [[ -n ${BASH_COMPLETION_FILEDIR_FALLBACK-} && ${#toks[@]} -lt 1 ]] && _comp_compgen -av toks -c "$quoted" -- -f;
    ((${#toks[@]})) || return 1;
    if [[ $cur != ?(*/).. ]]; then
        _comp_compgen -Rv toks -- -X '?(*/)@(.|..)' -W '"${toks[@]}"' || return 1;
    fi;
    compopt -o filenames;
    _comp_compgen -RU toks -- -W '"${toks[@]}"'
}
_comp_compgen_fstypes () 
{ 
    local _fss;
    if [[ -e /proc/filesystems ]]; then
        _fss="$(cut -d'	' -f2 /proc/filesystems)
             $(_comp_awk '! /\*/ { print $NF }' /etc/filesystems 2> /dev/null)";
    else
        _fss="$(_comp_awk '/^[ \t]*[^#]/ { print $3 }' /etc/fstab 2> /dev/null)
             $(_comp_awk '/^[ \t]*[^#]/ { print $3 }' /etc/mnttab 2> /dev/null)
             $(_comp_awk '/^[ \t]*[^#]/ { print $4 }' /etc/vfstab 2> /dev/null)
             $(_comp_awk '{ print $1 }' /etc/dfs/fstypes 2> /dev/null)
             $(lsvfs 2> /dev/null | _comp_awk '$1 !~ /^(Filesystem|[^a-zA-Z])/ { print $1 }')
             $([[ -d /etc/fs ]] && command ls /etc/fs)";
    fi;
    [[ -n $_fss ]] && _comp_compgen_split -- "$_fss"
}
_comp_compgen_gids () 
{ 
    if type getent &> /dev/null; then
        _comp_compgen_split -- "$(getent group | cut -d: -f3)";
    else
        if type perl &> /dev/null; then
            _comp_compgen_split -- "$(perl -e 'while (($gid) = (getgrent)[2]) { print $gid . "\n" }')";
        else
            _comp_compgen_split -- "$(cut -d: -f3 /etc/group)";
        fi;
    fi
}
_comp_compgen_help () 
{ 
    (($#)) || set -- -- --help;
    local -a _lines;
    _comp_compgen_help__get_help_lines "$@" || return "$?";
    local -a options=();
    local _line;
    for _line in "${_lines[@]}";
    do
        [[ $_line == *([[:blank:]])-* ]] || continue;
        while [[ $_line =~ ((^|[^-])-[A-Za-z0-9?][[:space:]]+)\[?[A-Z0-9]+([,_-]+[A-Z0-9]+)?(\.\.+)?\]? ]]; do
            _line=${_line/"${BASH_REMATCH[0]}"/"${BASH_REMATCH[1]}"};
        done;
        _comp_compgen_help__parse "${_line// or /, }";
    done;
    ((${#options[@]})) || return 1;
    _comp_compgen -U options -- -W '"${options[@]}"';
    return 0
}
_comp_compgen_help__get_help_lines () 
{ 
    local -a help_cmd;
    case ${1-} in 
        -)
            if (($# > 1)); then
                printf 'bash_completion: %s -: extra arguments for -\n' "${FUNCNAME[1]}" 1>&2;
                printf 'usage: %s -\n' "${FUNCNAME[1]}" 1>&2;
                printf 'usage: %s -c cmd args...\n' "${FUNCNAME[1]}" 1>&2;
                printf 'usage: %s [-- args...]\n' "${FUNCNAME[1]}" 1>&2;
                return 2;
            fi;
            help_cmd=(exec cat)
        ;;
        -c)
            if (($# < 2)); then
                printf 'bash_completion: %s -c: no command is specified\n' "${FUNCNAME[1]}" 1>&2;
                printf 'usage: %s -\n' "${FUNCNAME[1]}" 1>&2;
                printf 'usage: %s -c cmd args...\n' "${FUNCNAME[1]}" 1>&2;
                printf 'usage: %s [-- args...]\n' "${FUNCNAME[1]}" 1>&2;
                return 2;
            fi;
            help_cmd=("${@:2}")
        ;;
        --)
            shift 1
        ;&
        *)
            local REPLY;
            _comp_dequote "${comp_args[0]-}" || REPLY=${comp_args[0]-};
            help_cmd=("${REPLY:-false}" "$@")
        ;;
    esac;
    local REPLY;
    _comp_split -l REPLY "$(LC_ALL=C "${help_cmd[@]}" 2>&1)" && _lines=("${REPLY[@]}")
}
_comp_compgen_help__parse () 
{ 
    local option option2 i;
    option=;
    local -a array;
    if _comp_split -F ' 	
,/|' array "$1"; then
        for i in "${array[@]}";
        do
            case "$i" in 
                ---*)
                    break
                ;;
                --?*)
                    option=$i;
                    break
                ;;
                -?*)
                    [[ -n $option ]] || option=$i
                ;;
                *)
                    break
                ;;
            esac;
        done;
    fi;
    [[ -n $option ]] || return 1;
    if [[ $option =~ (\[((no|dont)-?)\]). ]]; then
        option2=${option/"${BASH_REMATCH[1]}"/};
        option2=${option2%%[<{().[]*};
        options+=("${option2/=*/=}");
        option=${option/"${BASH_REMATCH[1]}"/"${BASH_REMATCH[2]}"};
    fi;
    [[ $option =~ ^([^=<{().[]|\.[A-Za-z0-9])+=? ]] && options+=("$BASH_REMATCH")
}
_comp_compgen_inserted_kernel_modules () 
{ 
    _comp_compgen -c "${1:-$cur}" split -- "$(PATH="$PATH:/sbin" lsmod | _comp_awk '{if (NR != 1) print $1}')"
}
_comp_compgen_ip_addresses () 
{ 
    local _n;
    case ${1-} in 
        -a)
            _n='6\{0,1\}'
        ;;
        -6)
            _n='6'
        ;;
        *)
            _n=
        ;;
    esac;
    local PATH=$PATH:/sbin;
    local addrs;
    _comp_compgen -v addrs split -- "$({ ip -c=never addr show || ip addr show || LC_ALL=C ifconfig -a; } 2> /dev/null | command sed -e 's/[[:space:]]addr:/ /' -ne "s|.*inet${_n}[[:space:]]\{1,\}\([^[:space:]/]*\).*|\1|p")" || return;
    if [[ ! -n $_n ]]; then
        _comp_compgen -U addrs set "${addrs[@]}";
    else
        _comp_compgen -U addrs ltrim_colon "${addrs[@]}";
    fi
}
_comp_compgen_kernel_modules () 
{ 
    local _modpath=/lib/modules/$1;
    _comp_compgen_split -- "$(command ls -RL "$_modpath" 2> /dev/null | command sed -ne 's/^\(.*\)\.k\{0,1\}o\(\.[gx]z\)\{0,1\}$/\1/p' -e 's/^\(.*\)\.ko\.zst$/\1/p')"
}
_comp_compgen_kernel_versions () 
{ 
    _comp_compgen_split -- "$(command ls /lib/modules)"
}
_comp_compgen_known_hosts () 
{ 
    local known_hosts;
    _comp_compgen_known_hosts__impl "$@" || return "$?";
    _comp_compgen -U known_hosts set "${known_hosts[@]}"
}
_comp_compgen_known_hosts__impl () 
{ 
    known_hosts=();
    local configfile="" flag prefix="";
    local cur suffix="" aliases="" i host ipv4="" ipv6="";
    local -a kh tmpkh=() khd=() config=();
    local OPTIND=1;
    while getopts "ac46F:p:" flag "$@"; do
        case $flag in 
            a)
                aliases=set
            ;;
            c)
                suffix=':'
            ;;
            F)
                if [[ ! -n $OPTARG ]]; then
                    echo "bash_completion: $FUNCNAME: -F: an empty filename is specified" 1>&2;
                    return 2;
                fi;
                configfile=$OPTARG
            ;;
            p)
                prefix=$OPTARG
            ;;
            4)
                ipv4=set
            ;;
            6)
                ipv6=set
            ;;
            *)
                echo "bash_completion: $FUNCNAME: usage error" 1>&2;
                return 2
            ;;
        esac;
    done;
    if (($# < OPTIND)); then
        echo "bash_completion: $FUNCNAME: missing mandatory argument CWORD" 1>&2;
        return 2;
    fi;
    cur=${!OPTIND};
    ((OPTIND += 1));
    if (($# >= OPTIND)); then
        echo "bash_completion: $FUNCNAME($*): unprocessed arguments:" "$(while (($# >= OPTIND)); do
    printf '%s ' ${!OPTIND}
shift;
done)" 1>&2;
        return 2;
    fi;
    [[ $cur == *@* ]] && prefix=$prefix${cur%@*}@ && cur=${cur#*@};
    kh=();
    if [[ -n $configfile ]]; then
        [[ -r $configfile && ! -d $configfile ]] && config+=("$configfile");
    else
        for i in /etc/ssh/ssh_config ~/.ssh/config ~/.ssh2/config;
        do
            [[ -r $i && ! -d $i ]] && config+=("$i");
        done;
    fi;
    if ((${#config[@]} > 0)); then
        for i in "${config[@]}";
        do
            _comp__included_ssh_config_files "$i";
        done;
    fi;
    if ((${#config[@]} > 0)); then
        if _comp_split -l tmpkh "$(_comp_awk 'sub("^[ \t]*([Gg][Ll][Oo][Bb][Aa][Ll]|[Uu][Ss][Ee][Rr])[Kk][Nn][Oo][Ww][Nn][Hh][Oo][Ss][Tt][Ss][Ff][Ii][Ll][Ee][ \t=]+", "") { print $0 }' "${config[@]}" | sort -u)"; then
            local tmpkh2 j REPLY;
            for i in "${tmpkh[@]}";
            do
                while [[ $i =~ ^([^\"]*)\"([^\"]*)\"(.*)$ ]]; do
                    i=${BASH_REMATCH[1]}${BASH_REMATCH[3]};
                    _comp_expand_tilde "${BASH_REMATCH[2]}";
                    [[ -r $REPLY ]] && kh+=("$REPLY");
                done;
                _comp_split tmpkh2 "$i" || continue;
                for j in "${tmpkh2[@]}";
                do
                    _comp_expand_tilde "$j";
                    [[ -r $REPLY ]] && kh+=("$REPLY");
                done;
            done;
        fi;
    fi;
    if [[ ! -n $configfile ]]; then
        for i in /etc/ssh/ssh_known_hosts /etc/ssh/ssh_known_hosts2 /etc/known_hosts /etc/known_hosts2 ~/.ssh/known_hosts ~/.ssh/known_hosts2;
        do
            [[ -r $i && ! -d $i ]] && kh+=("$i");
        done;
        for i in /etc/ssh2/knownhosts ~/.ssh2/hostkeys;
        do
            [[ -d $i ]] || continue;
            _comp_expand_glob tmpkh '"$i"/*.pub' && khd+=("${tmpkh[@]}");
        done;
    fi;
    if ((${#kh[@]} + ${#khd[@]} > 0)); then
        if ((${#kh[@]} > 0)); then
            for i in "${kh[@]}";
            do
                while read -ra tmpkh; do
                    ((${#tmpkh[@]} == 0)) && continue;
                    [[ ${tmpkh[0]} == [\|\#]* ]] && continue;
                    local host_list=${tmpkh[0]};
                    [[ ${tmpkh[0]} == @* ]] && host_list=${tmpkh[1]-};
                    local -a hosts;
                    if _comp_split -F , hosts "$host_list"; then
                        for host in "${hosts[@]}";
                        do
                            [[ $host == *[*?]* ]] && continue;
                            host=${host#[};
                            host=${host%]?(:+([0-9]))};
                            [[ -n $host ]] && known_hosts+=("$host");
                        done;
                    fi;
                done < "$i";
            done;
        fi;
        if ((${#khd[@]} > 0)); then
            for i in "${khd[@]}";
            do
                if [[ $i == *key_22_*.pub && -r $i ]]; then
                    host=${i/#*key_22_/};
                    host=${host/%.pub/};
                    [[ -n $host ]] && known_hosts+=("$host");
                fi;
            done;
        fi;
        ((${#known_hosts[@]})) && _comp_compgen -v known_hosts -- -W '"${known_hosts[@]}"' -P "$prefix" -S "$suffix";
    fi;
    if [[ ${#config[@]} -gt 0 && -n $aliases ]]; then
        local -a hosts;
        if _comp_split hosts "$(command sed -ne 's/^[[:blank:]]*[Hh][Oo][Ss][Tt][[:blank:]=]\{1,\}\(.*\)$/\1/p' "${config[@]}")"; then
            _comp_compgen -av known_hosts -- -P "$prefix" -S "$suffix" -W '"${hosts[@]%%[*?%]*}"' -X '@(\!*|)';
        fi;
    fi;
    if [[ -n ${BASH_COMPLETION_KNOWN_HOSTS_WITH_AVAHI-} ]] && type avahi-browse &> /dev/null; then
        local generated=$(avahi-browse -cprak 2> /dev/null | _comp_awk -F ';' '/^=/ && $5 ~ /^_(ssh|workstation)\._tcp$/ { print $7 }' | sort -u);
        _comp_compgen -av known_hosts -- -P "$prefix" -S "$suffix" -W '$generated';
    fi;
    if type ruptime &> /dev/null; then
        local generated=$(ruptime 2> /dev/null | _comp_awk '!/^ruptime:/ { print $1 }');
        _comp_compgen -av known_hosts -- -W '$generated';
    fi;
    if [[ -n ${BASH_COMPLETION_KNOWN_HOSTS_WITH_HOSTFILE-set} ]]; then
        _comp_compgen -av known_hosts -- -A hostname -P "$prefix" -S "$suffix";
    fi;
    ((${#known_hosts[@]})) || return 1;
    if [[ -n $ipv4 ]]; then
        known_hosts=("${known_hosts[@]/*:*$suffix/}");
    fi;
    if [[ -n $ipv6 ]]; then
        known_hosts=("${known_hosts[@]/+([0-9]).+([0-9]).+([0-9]).+([0-9])$suffix/}");
    fi;
    if [[ -n $ipv4 || -n $ipv6 ]]; then
        for i in "${!known_hosts[@]}";
        do
            [[ -n ${known_hosts[i]} ]] || unset -v 'known_hosts[i]';
        done;
    fi;
    ((${#known_hosts[@]})) || return 1;
    _comp_compgen -v known_hosts -c "$prefix$cur" ltrim_colon "${known_hosts[@]}"
}
_comp_compgen_ltrim_colon () 
{ 
    (($#)) || return 0;
    local -a _tmp;
    _tmp=("$@");
    if [[ $cur == *:* && $COMP_WORDBREAKS == *:* ]]; then
        local _colon_word=${cur%"${cur##*:}"};
        _tmp=("${_tmp[@]#"$_colon_word"}");
    fi;
    _comp_compgen_set "${_tmp[@]}"
}
_comp_compgen_mac_addresses () 
{ 
    local _re='\([A-Fa-f0-9]\{2\}:\)\{5\}[A-Fa-f0-9]\{2\}';
    local PATH="$PATH:/sbin:/usr/sbin";
    local -a addresses;
    _comp_compgen -v addresses split -- "$({ ip -c=never link show || ip link show || LC_ALL=C ifconfig -a; } 2> /dev/null | command sed -ne "s/.*[[:space:]]HWaddr[[:space:]]\{1,\}\($_re\)[[:space:]].*/\1/p" -ne "s/.*[[:space:]]HWaddr[[:space:]]\{1,\}\($_re\)[[:space:]]*$/\1/p" -ne "s|.*[[:space:]]\(link/\)\{0,1\}ether[[:space:]]\{1,\}\($_re\)[[:space:]].*|\2|p" -ne "s|.*[[:space:]]\(link/\)\{0,1\}ether[[:space:]]\{1,\}\($_re\)[[:space:]]*$|\2|p")";
    _comp_compgen -av addresses split -- "$({ arp -an || ip -c=never neigh show || ip neigh show; } 2> /dev/null | command sed -ne "s/.*[[:space:]]\($_re\)[[:space:]].*/\1/p" -ne "s/.*[[:space:]]\($_re\)[[:space:]]*$/\1/p")";
    _comp_compgen -av addresses split -- "$(command sed -ne "s/^[[:space:]]*\($_re\)[[:space:]].*/\1/p" /etc/ethers 2> /dev/null)";
    _comp_compgen -U addresses ltrim_colon "${addresses[@]}"
}
_comp_compgen_pci_ids () 
{ 
    _comp_compgen_split -- "$(PATH="$PATH:/sbin" lspci -n | _comp_awk '{print $3}')"
}
_comp_compgen_pgids () 
{ 
    _comp_compgen_split -- "$(command ps ax -o pgid=)"
}
_comp_compgen_pids () 
{ 
    _comp_compgen_split -- "$(command ps ax -o pid=)"
}
_comp_compgen_pnames () 
{ 
    local -a procs=();
    if [[ ${1-} == -s ]]; then
        _comp_split procs "$(command ps ax -o comm | command sed -e 1d)";
    else
        local -a psout;
        _comp_split -l psout "$({ command ps ax -o command= || command ps ax -o comm=; } 2> /dev/null)";
        local line i=-1;
        for line in "${psout[@]}";
        do
            if ((i == -1)); then
                if [[ $line =~ ^(.*[[:space:]])COMMAND([[:space:]]|$) ]]; then
                    i=${#BASH_REMATCH[1]};
                else
                    break;
                fi;
            else
                line=${line:i};
                line=${line%% *};
                [[ -n $line ]] && procs+=("$line");
            fi;
        done;
        if ((i == -1)); then
            for line in "${psout[@]}";
            do
                if [[ $line =~ ^[[(](.+)[])]$ ]]; then
                    procs+=("${BASH_REMATCH[1]}");
                else
                    line=${line%% *};
                    line=${line##@(*/|-)};
                    [[ -n $line ]] && procs+=("$line");
                fi;
            done;
        fi;
    fi;
    ((${#procs[@]})) && _comp_compgen -U procs -- -X "<defunct>" -W '"${procs[@]}"'
}
_comp_compgen_selinux_users () 
{ 
    _comp_compgen_split -- "$(semanage user -nl 2> /dev/null | _comp_awk '{ print $1 }')"
}
_comp_compgen_services () 
{ 
    local sysvdirs;
    _comp_sysvdirs || return 1;
    local services;
    _comp_expand_glob services '${sysvdirs[0]}/!($_comp_backup_glob|functions|README)';
    local _generated=$({ systemctl list-units --full --all || systemctl list-unit-files; } 2> /dev/null | _comp_awk '$1 ~ /\.service$/ { sub("\\.service$", "", $1); print $1 }');
    _comp_split -la services "$_generated";
    if [[ -x /sbin/upstart-udev-bridge ]]; then
        _comp_split -la services "$(initctl list 2> /dev/null | cut -d' ' -f1)";
    fi;
    ((${#services[@]})) || return 1;
    _comp_compgen -U services -U sysvdirs -- -W '"${services[@]#${sysvdirs[0]}/}"'
}
_comp_compgen_set () 
{ 
    local _append=${_comp_compgen__append-};
    local _var=${_comp_compgen__var-COMPREPLY};
    eval -- "$_var${_append:++}=(\"\$@\")";
    (($#))
}
_comp_compgen_shells () 
{ 
    local -a shells=();
    local _shell _rest;
    while read -r _shell _rest; do
        [[ $_shell == /* ]] && shells+=("$_shell");
    done 2> /dev/null < "${1-}"/etc/shells;
    _comp_compgen -U shells -- -W '"${shells[@]}"'
}
_comp_compgen_signals () 
{ 
    local -a sigs;
    _comp_compgen -v sigs -c "SIG${cur#"${1-}"}" -- -A signal && _comp_compgen -RU sigs -- -P "${1-}" -W '"${sigs[@]#SIG}"'
}
_comp_compgen_split () 
{ 
    local _ifs=' 	
';
    local -a _compgen_options=();
    local OPTIND=1 OPTARG="" OPTERR=0 _opt;
    while getopts ':lF:X:S:P:o:' _opt "$@"; do
        case $_opt in 
            l)
                _ifs='
'
            ;;
            F)
                _ifs=$OPTARG
            ;;
            [XSPo])
                _compgen_options+=("-$_opt" "$OPTARG")
            ;;
            *)
                printf 'bash_completion: usage: %s [-l|-F sep] [--] str\n' "$FUNCNAME" 1>&2;
                return 2
            ;;
        esac;
    done;
    shift "$((OPTIND - 1))";
    if (($# != 1)); then
        printf 'bash_completion: %s: unexpected number of arguments.\n' "$FUNCNAME" 1>&2;
        printf 'usage: %s [-l|-F sep] [--] str' "$FUNCNAME" 1>&2;
        return 2;
    fi;
    local input=$1 IFS=' 	
';
    _comp_compgen -F "$_ifs" -U input -- ${_compgen_options[@]+"${_compgen_options[@]}"} -W '$input'
}
_comp_compgen_terms () 
{ 
    _comp_compgen_split -- "$({ command sed -ne 's/^\([^[:space:]#|]\{2,\}\)|.*/\1/p' /etc/termcap
{ toe -a || toe; } | _comp_awk '{ print $1 }'
_comp_expand_glob dirs '/{etc,lib,usr/lib,usr/share}/terminfo/?' && find "${dirs[@]}" -type f -maxdepth 1 | _comp_awk -F / '{ print $NF }'; } 2> /dev/null)"
}
_comp_compgen_tilde () 
{ 
    if [[ ${cur-} == \~* && $cur != */* ]]; then
        if _comp_compgen -c "${cur#\~}" -- -P '~' -u; then
            compopt -o filenames 2> /dev/null;
            return 0;
        fi;
    fi;
    return 1
}
_comp_compgen_uids () 
{ 
    if type getent &> /dev/null; then
        _comp_compgen_split -- "$(getent passwd | cut -d: -f3)";
    else
        if type perl &> /dev/null; then
            _comp_compgen_split -- "$(perl -e 'while (($uid) = (getpwent)[2]) { print $uid . "\n" }')";
        else
            _comp_compgen_split -- "$(cut -d: -f3 /etc/passwd)";
        fi;
    fi
}
_comp_compgen_usage () 
{ 
    (($#)) || set -- -- --usage;
    local -a _lines;
    _comp_compgen_help__get_help_lines "$@" || return "$?";
    local -a options=();
    local _line _match _option _i _char;
    for _line in "${_lines[@]}";
    do
        while [[ $_line =~ \[[[:space:]]*(-[^]]+)[[:space:]]*\] ]]; do
            _match=${BASH_REMATCH[0]};
            _option=${BASH_REMATCH[1]};
            case $_option in 
                -?(\[)+([a-zA-Z0-9?]))
                    for ((_i = 1; _i < ${#_option}; _i++))
                    do
                        _char=${_option:_i:1};
                        [[ $_char != '[' ]] && options+=("-$_char");
                    done
                ;;
                *)
                    _comp_compgen_help__parse "$_option"
                ;;
            esac;
            _line=${_line#*"$_match"};
        done;
    done;
    ((${#options[@]})) || return 1;
    _comp_compgen -U options -- -W '"${options[@]}"';
    return 0
}
_comp_compgen_usb_ids () 
{ 
    _comp_compgen_split -- "$(PATH="$PATH:/sbin" lsusb | _comp_awk '{print $6}')"
}
_comp_compgen_usergroups () 
{ 
    if [[ $cur == *\\\\* || $cur == *:*:* ]]; then
        return;
    else
        if [[ $cur == *\\:* ]]; then
            local tmp;
            if [[ ${1-} == -u ]]; then
                _comp_compgen -v tmp -c "${cur#*:}" allowed_groups;
            else
                _comp_compgen -v tmp -c "${cur#*:}" -- -g;
            fi;
            if ((${#tmp[@]})); then
                local _prefix=${cur%%*([^:])};
                _prefix=${_prefix//\\/};
                _comp_compgen -Rv tmp -- -P "$_prefix" -W '"${tmp[@]}"';
                _comp_compgen -U tmp set "${tmp[@]}";
            fi;
        else
            if [[ $cur == *:* ]]; then
                if [[ ${1-} == -u ]]; then
                    _comp_compgen -c "${cur#*:}" allowed_groups;
                else
                    _comp_compgen -c "${cur#*:}" -- -g;
                fi;
            else
                if [[ ${1-} == -u ]]; then
                    _comp_compgen_allowed_users;
                else
                    _comp_compgen -- -u;
                fi;
            fi;
        fi;
    fi
}
_comp_compgen_variables () 
{ 
    if [[ $cur =~ ^(\$(\{[!#]?)?)([A-Za-z0-9_]*)$ ]]; then
        if [[ $cur == '${'* ]]; then
            local arrs vars;
            _comp_compgen -v vars -c "${BASH_REMATCH[3]}" -- -A variable -P "${BASH_REMATCH[1]}" -S '}';
            _comp_compgen -v arrs -c "${BASH_REMATCH[3]}" -- -A arrayvar -P "${BASH_REMATCH[1]}" -S '[';
            if ((${#vars[@]} == 1 && ${#arrs[@]} != 0)); then
                compopt -o nospace;
                _comp_compgen -U vars -U arrs -R -- -W '"${arrs[@]}"';
            else
                _comp_compgen -U vars -U arrs -R -- -W '"${vars[@]}"';
            fi;
        else
            _comp_compgen -ac "${BASH_REMATCH[3]}" -- -A variable -P '$';
        fi;
        return 0;
    else
        if [[ $cur =~ ^(\$\{[#!]?)([A-Za-z0-9_]*)\[([^]]*)$ ]]; then
            local vars;
            _comp_compgen -v vars -c "${BASH_REMATCH[3]}" -- -W '"${!'"${BASH_REMATCH[2]}"'[@]}"' -P "${BASH_REMATCH[1]}${BASH_REMATCH[2]}[" -S ']}';
            if [[ ${BASH_REMATCH[3]} == [@*] ]]; then
                vars+=("${BASH_REMATCH[1]}${BASH_REMATCH[2]}[${BASH_REMATCH[3]}]}");
            fi;
            if ((${#vars[@]})); then
                _comp_compgen -U vars -c "$cur" ltrim_colon "${vars[@]}";
            else
                _comp_compgen_set;
            fi;
            return 0;
        else
            if [[ $cur =~ ^\$\{[#!]?[A-Za-z0-9_]*\[.*\]$ ]]; then
                _comp_compgen -c "$cur" ltrim_colon "$cur}";
                return 0;
            fi;
        fi;
    fi;
    return 1
}
_comp_compgen_xinetd_services () 
{ 
    local xinetddir=${_comp__test_xinetd_dir:-/etc/xinetd.d};
    if [[ -d $xinetddir ]]; then
        local -a svcs;
        if _comp_expand_glob svcs '$xinetddir/!($_comp_backup_glob)'; then
            _comp_compgen -U svcs -U xinetddir -- -W '"${svcs[@]#$xinetddir/}"';
        fi;
    fi
}
_comp_complete_filedir_xspec () 
{ 
    local cur prev words cword comp_args;
    _comp_initialize -- "$@" || return;
    _comp_compgen_filedir_xspec "$1"
}
_comp_complete_known_hosts () 
{ 
    local cur prev words cword comp_args;
    _comp_initialize -n : -- "$@" || return;
    local -a options=();
    [[ ${1-} == -a || ${2-} == -a ]] && options+=(-a);
    [[ ${1-} == -c || ${2-} == -c ]] && options+=(-c);
    local IFS=' 	
';
    _comp_compgen_known_hosts ${options[@]+"${options[@]}"} -- "$cur"
}
_comp_complete_load () 
{ 
    local cmd=${1:-_EmptycmD_};
    _comp_load -D -- "$cmd" && return 124
}
_comp_complete_longopt () 
{ 
    local cur prev words cword was_split comp_args;
    _comp_initialize -s -- "$@" || return;
    case "${prev,,}" in 
        --help | --usage | --version)
            return
        ;;
        --!(no-*)dir*)
            _comp_compgen -a filedir -d;
            return
        ;;
        --!(no-*)@(file|path)*)
            _comp_compgen -a filedir;
            return
        ;;
        --+([-a-z0-9_]))
            local argtype=$(LC_ALL=C $1 --help 2>&1 | command sed -ne "s|.*$prev\[\{0,1\}=[<[]\{0,1\}\([-A-Za-z0-9_]\{1,\}\).*|\1|p");
            case ${argtype,,} in 
                *dir*)
                    _comp_compgen -a filedir -d;
                    return
                ;;
                *file* | *path*)
                    _comp_compgen -a filedir;
                    return
                ;;
            esac
        ;;
    esac;
    [[ -n $was_split ]] && return;
    if [[ $cur == -* ]]; then
        _comp_compgen_split -- "$(LC_ALL=C $1 --help 2>&1 | while read -r line; do
    [[ $line =~ --[A-Za-z0-9]+([-_][A-Za-z0-9]+)*=? ]] && printf '%s\n' "${BASH_REMATCH[0]}";
done)";
        [[ ${COMPREPLY-} == *= ]] && compopt -o nospace;
    else
        if [[ $1 == *@(rmdir|chroot) ]]; then
            _comp_compgen -a filedir -d;
        else
            [[ $1 == *mkdir ]] && compopt -o nospace;
            _comp_compgen -a filedir;
        fi;
    fi
}
_comp_complete_minimal () 
{ 
    local cur prev words cword comp_args;
    _comp_initialize -- "$@" || return;
    compopt -o bashdefault -o default
}
_comp_complete_service () 
{ 
    local cur prev words cword comp_args;
    _comp_initialize -- "$@" || return;
    ((cword > 2)) && return;
    if [[ $cword -eq 1 && $prev == ?(*/)service ]]; then
        _comp_compgen_services;
        [[ -e /etc/mandrake-release ]] && _comp_compgen_xinetd_services;
    else
        local sysvdirs;
        _comp_sysvdirs || return 1;
        _comp_compgen_split -l -- "$(command sed -e 'y/|/ /' -ne 's/^.*\(U\|msg_u\)sage.*{\(.*\)}.*$/\2/p' "${sysvdirs[0]}/${prev##*/}" 2> /dev/null) start stop";
    fi
}
_comp_complete_user_at_host () 
{ 
    local cur prev words cword comp_args;
    _comp_initialize -n : -- "$@" || return;
    if [[ $cur == *@* ]]; then
        _comp_compgen_known_hosts "$cur";
    else
        _comp_compgen -- -u -S @;
        compopt -o nospace;
    fi
}
_comp_count_args () 
{ 
    local has_optarg="" has_exclude="" exclude="" glob_include="";
    local OPTIND=1 OPTARG="" OPTERR=0 _opt;
    while getopts ':a:n:i:' _opt "$@"; do
        case $_opt in 
            a)
                has_optarg=$OPTARG
            ;;
            n)
                has_exclude=set exclude+=$OPTARG
            ;;
            i)
                glob_include=$OPTARG
            ;;
            *)
                echo "bash_completion: $FUNCNAME: usage error" 1>&2;
                return 2
            ;;
        esac;
    done;
    shift "$((OPTIND - 1))";
    if [[ -n $has_exclude ]]; then
        local cword words;
        _comp__reassemble_words "$exclude<>&" words cword;
    fi;
    local i;
    REPLY=1;
    for ((i = 1; i < cword; i++))
    do
        if [[ -n $has_optarg && ${words[i]} == $has_optarg ]]; then
            ((i++));
        else
            if [[ ${words[i]} != -?* || -n $glob_include && ${words[i]} == $glob_include ]]; then
                ((REPLY++));
            else
                if [[ ${words[i]} == -- ]]; then
                    ((REPLY += cword - i - 1));
                    break;
                fi;
            fi;
        fi;
    done
}
_comp_delimited () 
{ 
    local prefix="" delimiter=$1 deduplicate=set;
    shift;
    if [[ $delimiter == -k ]]; then
        deduplicate="";
        delimiter=$1;
        shift;
    fi;
    [[ $cur == *"$delimiter"* ]] && prefix=${cur%"$delimiter"*}$delimiter;
    if [[ -n $deduplicate ]]; then
        _comp_compgen -R -- "$@";
        local -a existing;
        _comp_split -F "$delimiter" existing "$cur";
        [[ ! -n $cur || $cur == *"$delimiter" ]] || unset -v "existing[${#existing[@]}-1]";
        if ((${#COMPREPLY[@]})); then
            local x i;
            for x in ${existing+"${existing[@]}"};
            do
                for i in "${!COMPREPLY[@]}";
                do
                    if [[ $x == "${COMPREPLY[i]}" ]]; then
                        unset -v 'COMPREPLY[i]';
                        continue 2;
                    fi;
                done;
            done;
            ((${#COMPREPLY[@]})) && _comp_compgen -c "${cur##*"$delimiter"}" -- -W '"${COMPREPLY[@]}"';
        fi;
    else
        _comp_compgen -c "${cur##*"$delimiter"}" -- "$@";
    fi;
    local i;
    for i in "${!COMPREPLY[@]}";
    do
        COMPREPLY[i]="$prefix${COMPREPLY[i]}";
    done;
    [[ $delimiter != : ]] || _comp_ltrim_colon_completions "$cur"
}
_comp_deprecate_func () 
{ 
    if (($# != 3)); then
        printf 'bash_completion: %s: usage: %s DEPRECATION_VERSION OLD_NAME NEW_NAME\n' "$FUNCNAME" "$FUNCNAME";
        return 2;
    fi;
    if [[ $2 != [a-zA-Z_]*([a-zA-Z_0-9]) ]]; then
        printf 'bash_completion: %s: %s\n' "$FUNCNAME" "\$2: invalid function name '$1'" 1>&2;
        return 2;
    else
        if [[ $3 != [a-zA-Z_]*([a-zA-Z_0-9]) ]]; then
            printf 'bash_completion: %s: %s\n' "$FUNCNAME" "\$3: invalid function name '$2'" 1>&2;
            return 2;
        fi;
    fi;
    eval -- "$2() { $3 \"\$@\"; }"
}
_comp_deprecate_var () 
{ 
    if (($# != 3)); then
        printf 'bash_completion: %s: usage: %s DEPRECATION_VERSION OLD_NAME NEW_NAME\n' "$FUNCNAME" "$FUNCNAME";
        return 2;
    fi;
    if [[ $2 != [a-zA-Z_]*([a-zA-Z_0-9]) ]]; then
        printf 'bash_completion: %s: %s\n' "$FUNCNAME" "\$2: invalid variable name '$1'" 1>&2;
        return 2;
    else
        if [[ $3 != [a-zA-Z_]*([a-zA-Z_0-9]) ]]; then
            printf 'bash_completion: %s: %s\n' "$FUNCNAME" "\$3: invalid variable name '$2'" 1>&2;
            return 2;
        fi;
    fi;
    if ((BASH_VERSINFO[0] >= 5 || BASH_VERSINFO[0] == 4 && BASH_VERSINFO[1] >= 3)); then
        eval "declare -gn $2=$3";
    else
        if [[ -v $2 && ! -v $3 ]]; then
            printf -v "$3" %s "$2";
        fi;
    fi
}
_comp_dequote () 
{ 
    REPLY=();
    [[ $1 =~ $_comp_dequote__regex_safe_word ]] || return 1;
    eval "REPLY=($1)" 2> /dev/null
}
_comp_expand () 
{ 
    case ${cur-} in 
        ~*/*)
            local REPLY;
            _comp_expand_tilde "$cur";
            cur=$REPLY
        ;;
        ~*)
            _comp_compgen -v COMPREPLY tilde && eval "COMPREPLY[0]=$(printf ~%q "${COMPREPLY[0]#\~}")" && return 1
        ;;
    esac;
    return 0
}
_comp_expand_glob () 
{ 
    if (($# != 2)); then
        printf 'bash-completion: %s: unexpected number of arguments\n' "$FUNCNAME" 1>&2;
        printf 'usage: %s ARRAY_NAME PATTERN\n' "$FUNCNAME" 1>&2;
        return 2;
    else
        if [[ $1 == @(GLOBIGNORE|GLOBSORT|_*|*[^_a-zA-Z0-9]*|[0-9]*|'') ]]; then
            printf 'bash-completion: %s: invalid array name "%s"\n' "$FUNCNAME" "$1" 1>&2;
            return 2;
        fi;
    fi;
    local _original_opts=$SHELLOPTS:$BASHOPTS;
    set +o noglob;
    shopt -s nullglob;
    shopt -u failglob dotglob;
    local GLOBIGNORE="" GLOBSORT=name;
    local LC_COLLATE=C LC_CTYPE=${LC_ALL:-${LC_CTYPE:-${LANG-}}} LC_ALL=;
    eval -- "$1=()";
    eval -- "$1=($2)";
    _comp_unlocal GLOBIGNORE;
    if [[ :$_original_opts: == *:dotglob:* ]]; then
        shopt -s dotglob;
    else
        shopt -u dotglob;
    fi;
    [[ :$_original_opts: == *:nullglob:* ]] || shopt -u nullglob;
    [[ :$_original_opts: == *:failglob:* ]] && shopt -s failglob;
    [[ :$_original_opts: == *:noglob:* ]] && set -o noglob;
    eval "((\${#$1[@]}))"
}
_comp_expand_tilde () 
{ 
    REPLY=$1;
    if [[ $1 == \~* ]]; then
        printf -v REPLY '~%q' "${1#\~}";
        eval "REPLY=$REPLY";
    fi
}
_comp_get_first_arg () 
{ 
    _comp_locate_first_arg "$@" && REPLY=${words[REPLY]}
}
_comp_get_ncpus () 
{ 
    local var=NPROCESSORS_ONLN;
    [[ $OSTYPE == *@(linux|msys|cygwin)* ]] && var=_$var;
    if REPLY=$(getconf $var 2> /dev/null) && ((REPLY >= 1)); then
        return 0;
    else
        REPLY=1;
        return 1;
    fi
}
_comp_get_words () 
{ 
    local exclude="" flag i OPTIND=1;
    local cur cword words=();
    local upargs=() upvars=() vcur="" vcword="" vprev="" vwords="";
    while getopts "c:i:n:p:w:" flag "$@"; do
        case $flag in 
            [cipw])
                if [[ $OPTARG != [a-zA-Z_]*([a-zA-Z_0-9])?(\[*\]) ]]; then
                    echo "bash_completion: $FUNCNAME: -$flag: invalid variable name \`$OPTARG'" 1>&2;
                    return 1;
                fi
            ;;&
            c)
                vcur=$OPTARG
            ;;
            i)
                vcword=$OPTARG
            ;;
            n)
                exclude=$OPTARG
            ;;
            p)
                vprev=$OPTARG
            ;;
            w)
                vwords=$OPTARG
            ;;
            *)
                echo "bash_completion: $FUNCNAME: usage error" 1>&2;
                return 1
            ;;
        esac;
    done;
    while [[ $# -ge $OPTIND ]]; do
        case ${!OPTIND} in 
            cur)
                vcur=cur
            ;;
            prev)
                vprev=prev
            ;;
            cword)
                vcword=cword
            ;;
            words)
                vwords=words
            ;;
            *)
                echo "bash_completion: $FUNCNAME: \`${!OPTIND}':" "unknown argument" 1>&2;
                return 1
            ;;
        esac;
        ((OPTIND += 1));
    done;
    _comp__get_cword_at_cursor "${exclude-}" words cword cur;
    [[ -n $vcur ]] && { 
        upvars+=("$vcur");
        upargs+=(-v "$vcur" "$cur")
    };
    [[ -n $vcword ]] && { 
        upvars+=("$vcword");
        upargs+=(-v "$vcword" "$cword")
    };
    [[ -n $vprev ]] && { 
        local value="";
        ((cword >= 1)) && value=${words[cword - 1]};
        upvars+=("$vprev");
        upargs+=(-v "$vprev" "$value")
    };
    [[ -n $vwords ]] && { 
        local IFS=' 	
';
        upvars+=("$vwords");
        upargs+=(-a"${#words[@]}" "$vwords" ${words+"${words[@]}"})
    };
    ((${#upvars[@]})) && local "${upvars[@]}" && _comp_upvars "${upargs[@]}"
}
_comp_have_command () 
{ 
    PATH=$PATH:/usr/sbin:/sbin:/usr/local/sbin type "$1" &> /dev/null
}
_comp_initialize () 
{ 
    local exclude="" opt_split="" outx="" errx="" inx="";
    local flag OPTIND=1 OPTARG="" OPTERR=0;
    while getopts "n:e:o:i:s" flag "$@"; do
        case $flag in 
            n)
                exclude+=$OPTARG
            ;;
            e)
                errx=$OPTARG
            ;;
            o)
                outx=$OPTARG
            ;;
            i)
                inx=$OPTARG
            ;;
            s)
                opt_split="set";
                was_split="";
                exclude+="="
            ;;
            *)
                echo "bash_completion: $FUNCNAME: usage error" 1>&2;
                return 1
            ;;
        esac;
    done;
    shift "$((OPTIND - 1))";
    (($#)) && comp_args=("$@");
    COMPREPLY=();
    local redir='@(?(+([0-9])|{[a-zA-Z_]*([a-zA-Z_0-9])})@(>?([>|&])|<?([>&])|<<?([-<]))|&>?(>))';
    _comp_get_words -n "$exclude<>&" cur prev words cword;
    _comp_compgen_variables && return 1;
    if [[ $cur == $redir* || ${prev-} == $redir ]]; then
        local xspec;
        case $cur in 
            2'>'*)
                xspec=${errx-}
            ;;
            *'>'*)
                xspec=${outx-}
            ;;
            *'<'*)
                xspec=${inx-}
            ;;
            *)
                case $prev in 
                    2'>'*)
                        xspec=${errx-}
                    ;;
                    *'>'*)
                        xspec=${outx-}
                    ;;
                    *'<'*)
                        xspec=${inx-}
                    ;;
                esac
            ;;
        esac;
        cur=${cur##$redir};
        _comp_compgen_filedir "$xspec";
        return 1;
    fi;
    local i skip;
    for ((i = 1; i < ${#words[@]}; 1))
    do
        if [[ ${words[i]} == $redir* ]]; then
            [[ ${words[i]} == $redir ]] && skip=2 || skip=1;
            words=("${words[@]:0:i}" "${words[@]:i+skip}");
            ((i <= cword)) && ((cword -= skip));
        else
            ((i++));
        fi;
    done;
    ((cword <= 0)) && return 1;
    prev=${words[cword - 1]};
    [[ -n $opt_split ]] && _comp__split_longopt && was_split="set";
    return 0
}
_comp_load () 
{ 
    local flag_fallback_default="" IFS=' 	
';
    local OPTIND=1 OPTARG="" OPTERR=0 opt;
    while getopts ':D' opt "$@"; do
        case $opt in 
            D)
                flag_fallback_default=set
            ;;
            *)
                echo "bash_completion: $FUNCNAME: usage error" 1>&2;
                return 2
            ;;
        esac;
    done;
    shift "$((OPTIND - 1))";
    local cmd=$1 cmdname=${1##*/} dir compfile;
    local -a paths;
    [[ -n $cmdname ]] || return 1;
    local backslash=;
    if [[ $cmd == \\* ]]; then
        cmd=${cmd:1};
        $(complete -p -- "$cmd" 2> /dev/null || echo false) "\\$cmd" && return 0;
        backslash=\\;
    fi;
    local REPLY pathcmd origcmd=$cmd;
    if pathcmd=$(type -P -- "$cmd"); then
        _comp_abspath "$pathcmd";
        cmd=$REPLY;
    fi;
    local -a dirs=();
    if [[ -n ${BASH_COMPLETION_USER_DIR-} ]]; then
        _comp_split -F : paths "$BASH_COMPLETION_USER_DIR" && dirs+=("${paths[@]/%//completions}");
    else
        dirs=("${XDG_DATA_HOME:-$HOME/.local/share}/bash-completion/completions");
    fi;
    dirs+=("$_comp__base_directory/completions");
    paths=();
    [[ $cmd == /* ]] && paths+=("${cmd%/*}");
    _comp_realcommand "$cmd" && paths+=("${REPLY%/*}");
    _comp_split -aF : paths "$PATH";
    for dir in "${paths[@]%/}";
    do
        [[ $dir == ?*/@(bin|sbin) ]] && dirs+=("${dir%/*}/share/bash-completion/completions");
    done;
    _comp_split -F : paths "${XDG_DATA_DIRS:-/usr/local/share:/usr/share}" && dirs+=("${paths[@]/%//bash-completion/completions}");
    local IFS=' 	
';
    shift;
    local i prefix compspec;
    for prefix in "" _;
    do
        for i in ${!dirs[*]};
        do
            dir=${dirs[i]};
            if [[ ! -d $dir ]]; then
                unset -v 'dirs[i]';
                continue;
            fi;
            for compfile in "$prefix$cmdname" "$prefix$cmdname.bash";
            do
                compfile="$dir/$compfile";
                if [[ -d $compfile ]]; then
                    [[ $compfile == */.?(.) ]] || echo "bash_completion: $compfile: is a directory" 1>&2;
                else
                    if [[ -e $compfile ]] && . "$compfile" "$cmd" "$@"; then
                        if compspec=$(complete -p -- "$cmd" 2> /dev/null); then
                            [[ -n $backslash ]] && eval "$compspec \"\$backslash\$cmd\"";
                            [[ $origcmd != */* ]] && ! complete -p -- "$origcmd" &> /dev/null && eval "$compspec \"\$origcmd\"";
                            return 0;
                        fi;
                        if [[ $cmdname != "$cmd" ]] && compspec=$(complete -p -- "$cmdname" 2> /dev/null); then
                            [[ $cmd == /* ]] && eval "$compspec \"\$cmd\"";
                            return 0;
                        fi;
                    fi;
                fi;
            done;
        done;
    done;
    [[ -v _comp_xspecs[$cmdname] || -v _xspecs[$cmdname] ]] && complete -F _comp_complete_filedir_xspec "$cmdname" "$backslash$cmdname" && return 0;
    if [[ -n $flag_fallback_default ]]; then
        complete -F _comp_complete_minimal -- "$origcmd" && return 0;
    fi;
    return 1
}
_comp_locate_first_arg () 
{ 
    local has_optarg="";
    local OPTIND=1 OPTARG="" OPTERR=0 _opt;
    while getopts ':a:' _opt "$@"; do
        case $_opt in 
            a)
                has_optarg=$OPTARG
            ;;
            *)
                echo "bash_completion: $FUNCNAME: usage error" 1>&2;
                return 2
            ;;
        esac;
    done;
    shift "$((OPTIND - 1))";
    local i;
    REPLY=;
    for ((i = 1; i < cword; i++))
    do
        if [[ -n $has_optarg && ${words[i]} == $has_optarg ]]; then
            ((i++));
        else
            if [[ ${words[i]} != -?* ]]; then
                REPLY=$i;
                return 0;
            else
                if [[ ${words[i]} == -- ]]; then
                    ((i + 1 < cword)) && REPLY=$((i + 1)) && return 0;
                    break;
                fi;
            fi;
        fi;
    done;
    return 1
}
_comp_looks_like_path () 
{ 
    [[ ${1-} == @(*/|[.~])* ]]
}
_comp_ltrim_colon_completions () 
{ 
    ((${#COMPREPLY[@]})) || return 0;
    _comp_compgen -c "$1" ltrim_colon "${COMPREPLY[@]}"
}
_comp_quote () 
{ 
    REPLY=\'${1//\'/\'\\\'\'}\'
}
_comp_quote_compgen () 
{ 
    if [[ $1 == \'* ]]; then
        REPLY=${1:1};
    else
        printf -v REPLY %q "$1";
        if [[ $REPLY == \$\'*\' ]]; then
            local value=${REPLY:2:-1};
            value=${value//'%'/%%};
            printf -v REPLY "$value";
        fi;
    fi
}
_comp_readline_variable_on () 
{ 
    [[ $(bind -v) == *$1+([[:space:]])on* ]]
}
_comp_realcommand () 
{ 
    REPLY="";
    local file;
    file=$(type -P -- "$1") || return $?;
    if type -p realpath > /dev/null; then
        REPLY=$(realpath "$file");
    else
        if type -p greadlink > /dev/null; then
            REPLY=$(greadlink -f "$file");
        else
            if type -p readlink > /dev/null; then
                REPLY=$(readlink -f "$file");
            else
                _comp_abspath "$file";
            fi;
        fi;
    fi
}
_comp_root_command () 
{ 
    local PATH=$PATH:/sbin:/usr/sbin:/usr/local/sbin;
    local _comp_root_command=$1;
    _comp_command
}
_comp_split () 
{ 
    local _append="" IFS=' 	
';
    local OPTIND=1 OPTARG="" OPTERR=0 _opt;
    while getopts ':alF:' _opt "$@"; do
        case $_opt in 
            a)
                _append=set
            ;;
            l)
                IFS='
'
            ;;
            F)
                IFS=$OPTARG
            ;;
            *)
                echo "bash_completion: $FUNCNAME: usage error" 1>&2;
                return 2
            ;;
        esac;
    done;
    shift "$((OPTIND - 1))";
    if (($# != 2)); then
        printf '%s\n' "bash_completion: $FUNCNAME: unexpected number of arguments" 1>&2;
        printf '%s\n' "usage: $FUNCNAME [-al] [-F SEP] ARRAY_NAME TEXT" 1>&2;
        return 2;
    else
        if [[ $1 == @(*[^_a-zA-Z0-9]*|[0-9]*|''|_*|IFS|OPTIND|OPTARG|OPTERR) ]]; then
            printf '%s\n' "bash_completion: $FUNCNAME: invalid array name '$1'" 1>&2;
            return 2;
        fi;
    fi;
    local _original_opts=$SHELLOPTS;
    set -o noglob;
    local _old_size _new_size;
    if [[ -n $_append ]]; then
        eval "$1+=()";
        eval "_old_size=\${#$1[@]}";
        eval "$1+=(\$2)";
    else
        _old_size=0;
        eval "$1=(\$2)";
    fi;
    eval "_new_size=\${#$1[@]}";
    [[ :$_original_opts: == *:noglob:* ]] || set +o noglob;
    ((_new_size > _old_size))
}
_comp_sysvdirs () 
{ 
    sysvdirs=();
    [[ -d /etc/rc.d/init.d ]] && sysvdirs+=(/etc/rc.d/init.d);
    [[ -d /etc/init.d ]] && sysvdirs+=(/etc/init.d);
    [[ -f /etc/slackware-version ]] && sysvdirs=(/etc/rc.d);
    ((${#sysvdirs[@]}))
}
_comp_try_faketty () 
{ 
    if type unbuffer &> /dev/null; then
        unbuffer -p "$@";
    else
        if script --version 2>&1 | command grep -qF util-linux; then
            script -qaefc "$*" /dev/null;
        else
            "$@";
        fi;
    fi
}
_comp_unlocal () 
{ 
    if ((BASH_VERSINFO[0] >= 5)) && shopt -q localvar_unset; then
        shopt -u localvar_unset;
        unset -v "$@";
        shopt -s localvar_unset;
    else
        unset -v "$@";
    fi
}
_comp_upvars () 
{ 
    if ! (($#)); then
        echo "bash_completion: $FUNCNAME: usage: $FUNCNAME" "[-v varname value] | [-aN varname [value ...]] ..." 1>&2;
        return 2;
    fi;
    while (($#)); do
        case $1 in 
            -a*)
                [[ -n ${1#-a} ]] || { 
                    echo "bash_completion: $FUNCNAME:" "\`$1': missing number specifier" 1>&2;
                    return 1
                };
                printf %d "${1#-a}" &> /dev/null || { 
                    echo bash_completion: "$FUNCNAME: \`$1': invalid number specifier" 1>&2;
                    return 1
                };
                [[ -n $2 ]] && unset -v "$2" && eval "$2"=\(\"\$"{@:3:${1#-a}}"\"\) && shift $((${1#-a} + 2)) || { 
                    echo bash_completion: "$FUNCNAME: \`$1${2+ }$2': missing argument(s)" 1>&2;
                    return 1
                }
            ;;
            -v)
                [[ -n $2 ]] && unset -v "$2" && eval "$2"=\"\$3\" && shift 3 || { 
                    echo "bash_completion: $FUNCNAME: $1:" "missing argument(s)" 1>&2;
                    return 1
                }
            ;;
            *)
                echo "bash_completion: $FUNCNAME: $1: invalid option" 1>&2;
                return 1
            ;;
        esac;
    done
}
_comp_userland () 
{ 
    local userland=$(uname -s);
    [[ $userland == @(Linux|GNU/*) ]] && userland=GNU;
    [[ $userland == "$1" ]]
}
_comp_variable_assignments () 
{ 
    local cur=${1-} i;
    if [[ $cur =~ ^([A-Za-z_][A-Za-z0-9_]*)=(.*)$ ]]; then
        prev=${BASH_REMATCH[1]};
        cur=${BASH_REMATCH[2]};
    else
        return 1;
    fi;
    case $prev in 
        TZ)
            cur=/usr/share/zoneinfo/$cur;
            _comp_compgen_filedir;
            if ((${#COMPREPLY[@]})); then
                for i in "${!COMPREPLY[@]}";
                do
                    if [[ ${COMPREPLY[i]} == *.tab ]]; then
                        unset -v 'COMPREPLY[i]';
                        continue;
                    else
                        if [[ -d ${COMPREPLY[i]} ]]; then
                            COMPREPLY[i]+=/;
                            compopt -o nospace;
                        fi;
                    fi;
                    COMPREPLY[i]=${COMPREPLY[i]#/usr/share/zoneinfo/};
                done;
            fi
        ;;
        TERM)
            _comp_compgen_terms
        ;;
        LANG | LC_*)
            _comp_compgen_split -- "$(locale -a 2> /dev/null)"
        ;;
        LANGUAGE)
            _comp_delimited : -W '$(locale -a 2>/dev/null)'
        ;;
        *)
            _comp_compgen_variables && return 0;
            _comp_compgen -a filedir
        ;;
    esac;
    return 0
}
_comp_xfunc () 
{ 
    local xfunc_name=$2;
    [[ $xfunc_name == _* ]] || xfunc_name=_comp_xfunc_${1//[^a-zA-Z0-9_]/_}_$xfunc_name;
    declare -F -- "$xfunc_name" &> /dev/null || _comp_load -- "$1";
    "$xfunc_name" "${@:3}"
}
_complete_as_root () 
{ 
    _comp_as_root "$@"
}
_completion_loader () 
{ 
    _comp_complete_load "$@"
}
_compzsh () 
{ 
    reply=($(_l))
}
_conda_status () 
{ 
    _conda_status_core;
    echo
}
_conda_status_core () 
{ 
    echo CONDA_ROOT="$(shell_escape_single "${CONDA_ROOT}")";
    echo CONDA_ENVS_PATH="$(shell_escape_single "${CONDA_ENVS_PATH}")"
}
_conda_status_defaults () 
{ 
    echo CONDA_ROOT__py27="$(shell_escape_single "${CONDA_ROOT__py27}")";
    echo CONDA_ENVS__py27="$(shell_escape_single "${CONDA_ENVS__py27}")";
    echo CONDA_ROOT__py34="$(shell_escape_single "${CONDA_ROOT__py34}")";
    echo CONDA_ENVS__py34="$(shell_escape_single "${CONDA_ENVS__py34}")";
    echo CONDA_ROOT__py35="$(shell_escape_single "${CONDA_ROOT__py35}")";
    echo CONDA_ENVS__py35="$(shell_escape_single "${CONDA_ENVS__py35}")";
    echo CONDA_ROOT__py36="$(shell_escape_single "${CONDA_ROOT__py36}")";
    echo CONDA_ENVS__py36="$(shell_escape_single "${CONDA_ENVS__py36}")";
    echo CONDA_ROOT__py37="$(shell_escape_single "${CONDA_ROOT__py37}")";
    echo CONDA_ENVS__py37="$(shell_escape_single "${CONDA_ENVS__py37}")";
    echo CONDA_ROOT__py38="$(shell_escape_single "${CONDA_ROOT__py38}")";
    echo CONDA_ENVS__py38="$(shell_escape_single "${CONDA_ENVS__py38}")";
    echo CONDA_ROOT__py39="$(shell_escape_single "${CONDA_ROOT__py39}")";
    echo CONDA_ENVS__py39="$(shell_escape_single "${CONDA_ENVS__py39}")";
    echo CONDA_ROOT__py310="$(shell_escape_single "${CONDA_ROOT__py310}")";
    echo CONDA_ENVS__py310="$(shell_escape_single "${CONDA_ENVS__py310}")";
    echo CONDA_ROOT__py311="$(shell_escape_single "${CONDA_ROOT__py311}")";
    echo CONDA_ENVS__py311="$(shell_escape_single "${CONDA_ENVS__py311}")";
    echo CONDA_ROOT__py312="$(shell_escape_single "${CONDA_ROOT__py312}")";
    echo CONDA_ENVS__py312="$(shell_escape_single "${CONDA_ENVS__py312}")"
}
_condaenvs () 
{ 
    local -a files;
    while IFS= read -r line; do
        files+=("${line}/$2"*);
    done < <(echo_conda_envs_paths);
    echo CONDA_ENVS_PATH="$(shell_escape_single "${CONDA_ENVS_PATH}")" 1>&2;
    [[ -e "${files[0]}" ]] && COMPREPLY=("${files[@]##*/}")
}
_configure_bash_completion () 
{ 
    if [ -z "${BASH}" ]; then
        return 1;
    fi;
    if [ -n "$__IS_MAC" ]; then
        BREW=$(command -v brew 2> /dev/null || false);
        if [ -n "${BREW}" ]; then
            brew_prefix=$(brew --prefix);
            if [ -f "${brew_prefix}/etc/bash_completion" ]; then
                source "${brew_prefix}/etc/bash_completion";
            fi;
        fi;
    else
        if [ -f /etc/bash_completion ] && ! shopt -oq posix; then
            source /etc/bash_completion;
        else
            if [ -f /etc/profile.d/bash_completion.sh ] && ! shopt -oq posix; then
                source /etc/profile.d/bash_completion.sh;
            fi;
        fi;
    fi
}
_configure_lesspipe () 
{ 
    lesspipe="$(command -v lesspipe.sh 2> /dev/null)";
    if [ -n "${lesspipe}" ]; then
        eval "$(${lesspipe})";
    fi
}
_configured_interfaces () 
{ 
    _comp_compgen_configured_interfaces "$@"
}
_count_args () 
{ 
    local i cword words;
    _comp__reassemble_words "${1-}" words cword;
    args=1;
    for ((i = 1; i < cword; i++))
    do
        if [[ ${words[i]} != -* && ${words[i - 1]} != ${2-} || ${words[i]} == ${3-} ]]; then
            ((args++));
        fi;
    done
}
_create_ewrd_symlinks () 
{ 
    local scriptname='_ewrd.sh';
    local scriptnames=("editdotfiles" "edotfiles" "editwrk" "ewrk" "editworkonhome" "eworkonhome" "ewh" "editvirtualenv" "evirtualenv" "ev" "editsrc" "esrc" "es" "editwrd" "ewrd" "ew" "editetc" "eetc" "editwww" "ewww");
    for symlinkname in ${scriptnames[@]};
    do
        test -L "${symlinkname}" && rm "${symlinkname}";
        ln -s "${scriptname}" "${symlinkname}";
    done
}
_create_grinwrd_symlinks () 
{ 
    local scriptname='_grinwrd.sh';
    local scriptnames=("grinwrk" "grindwrk" "grinph" "grinprojecthome" "grindph" "grindprojecthome" "grinwh" "grinworkonhome" "grindwh" "grindworkonhome" "grincr" "grincondaroot" "grindcr" "grindcondaroot" "grince" "grincondaenvspath" "grindce" "grindcondaenvspath" "grinvirtualenv" "grinv" "grindvirtualenv" "grindv" "grinsrc" "grins" "grindsrc" "grinds" "grinwrd" "grinw" "grindwrd" "grindw" "editgrinw" "egrinw" "egw" "editgrindw" "egrindw" "grindctags" "grindctagssys" "grindctagswrd" "grindctagsw" "grindctagssrc" "grindctagss" "grinwrdhelp" "grindwrdhelp");
    for symlinkname in ${scriptnames[@]};
    do
        test -L "${symlinkname}" && rm "${symlinkname}";
        ln -s "${scriptname}" "${symlinkname}";
    done
}
_cs () 
{ 
    _conda_status
}
_dvd_devices () 
{ 
    _comp_compgen -a dvd_devices
}
_edotfiles__complete () 
{ 
    local cur=${2};
    COMPREPLY=($(cd "${__DOTFILES}"; compgen -f -- ${cur}))
}
_eetc__complete () 
{ 
    local cur=${2};
    COMPREPLY=($(cd "${_ETC}"; compgen -f -- ${cur}))
}
_esrc__complete () 
{ 
    local cur=${2};
    COMPREPLY=($(cd "${_SRC}"; compgen -f -- ${cur}))
}
_evirtualenv__complete () 
{ 
    local cur=${2};
    COMPREPLY=($(cd "${VIRTUAL_ENV}"; compgen -f -- ${cur}))
}
_eworkonhome__complete () 
{ 
    local cur=${2};
    COMPREPLY=($(cd "${WORKON_HOME}"; compgen -f -- ${cur}))
}
_ewrd__complete () 
{ 
    local cur=${2};
    COMPREPLY=($(cd "${_WRD}"; compgen -f -- ${cur}))
}
_ewrk__complete () 
{ 
    local cur=${2};
    COMPREPLY=($(cd "${__WRK}"; compgen -f -- ${cur}))
}
_ewww__complete () 
{ 
    local cur=${2};
    COMPREPLY=($(cd "${_WWW}"; compgen -f -- ${cur}))
}
_expand () 
{ 
    _comp_expand "$@"
}
_filedir () 
{ 
    _comp_compgen -a filedir "$@"
}
_filedir_xspec () 
{ 
    _comp_complete_filedir_xspec "$@"
}
_fstypes () 
{ 
    _comp_compgen -a fstypes
}
_fzf_alias_completion () 
{ 
    _fzf_complete -m -- "$@" < <(alias | command sed -En 's|^alias ([^=]+).*|\1|p')
}
_fzf_complete () 
{ 
    local args rest str_arg i sep;
    args=("$@");
    sep=;
    for i in "${!args[@]}";
    do
        if [[ "${args[$i]}" = -- ]]; then
            sep=$i;
            break;
        fi;
    done;
    if [[ -n "$sep" ]]; then
        str_arg=;
        rest=("${args[@]:$((sep + 1)):${#args[@]}}");
        args=("${args[@]:0:$sep}");
    else
        str_arg=$1;
        args=();
        shift;
        rest=("$@");
    fi;
    local cur selected trigger cmd post;
    post="$(caller 0 | __fzf_exec_awk '{print $2}')_post";
    type -t "$post" > /dev/null 2>&1 || post='command cat';
    trigger=${FZF_COMPLETION_TRIGGER-'**'};
    cmd="${COMP_WORDS[0]}";
    cur="${COMP_WORDS[COMP_CWORD]}";
    if [[ "$cur" == *"$trigger" ]] && [[ $cur != *'$('* ]] && [[ $cur != *':='* ]] && [[ $cur != *'`'* ]]; then
        cur=${cur:0:${#cur}-${#trigger}};
        selected=$(FZF_DEFAULT_OPTS=$(__fzf_defaults "--reverse" "${FZF_COMPLETION_OPTS-} $str_arg") FZF_DEFAULT_OPTS_FILE='' __fzf_comprun "${rest[0]}" "${args[@]}" -q "$cur" | eval "$post" | command tr '\n' ' ');
        selected=${selected% };
        if [[ -n "$selected" ]]; then
            COMPREPLY=("$selected");
        else
            COMPREPLY=("$cur");
        fi;
        bind '"\e[0n": redraw-current-line' 2> /dev/null;
        printf '\e[5n';
        return 0;
    else
        _fzf_handle_dynamic_completion "$cmd" "${rest[@]}";
    fi
}
_fzf_complete_kill () 
{ 
    _fzf_proc_completion "$@"
}
_fzf_complete_ssh () 
{ 
    case $3 in 
        -i | -F | -E)
            _fzf_path_completion "$@"
        ;;
        *)
            local user=;
            [[ "$2" =~ '@' ]] && user="${2%%@*}@";
            _fzf_complete +m -- "$@" < <(__fzf_list_hosts | __fzf_exec_awk -v user="$user" '{print user $0}')
        ;;
    esac
}
_fzf_dir_completion () 
{ 
    __fzf_generic_path_completion _fzf_compgen_dir "" "/" "$@"
}
_fzf_file_completion () 
{ 
    _fzf_path_completion "$@"
}
_fzf_handle_dynamic_completion () 
{ 
    local cmd ret REPLY orig_cmd orig_complete;
    cmd="$1";
    shift;
    orig_cmd="$1";
    if __fzf_orig_completion_get_orig_func "$cmd"; then
        "$REPLY" "$@";
    else
        if [[ -n "${_fzf_completion_loader-}" ]]; then
            orig_complete=$(complete -p "$orig_cmd" 2> /dev/null);
            $_fzf_completion_loader "$@";
            ret=$?;
            if [[ "$(complete -p "$orig_cmd" 2> /dev/null)" != "$orig_complete" ]]; then
                __fzf_orig_completion < <(complete -p "$orig_cmd" 2> /dev/null);
                __fzf_orig_completion_get_orig_func "$cmd" || ret=1;
                [[ $orig_complete =~ ' -F '(_fzf_[^ ]+)' ' ]] && __fzf_orig_completion_instantiate "$cmd" "${BASH_REMATCH[1]}" && orig_complete=$REPLY;
                if [[ "${__fzf_nospace_commands-}" = *" $orig_cmd "* ]]; then
                    eval "${orig_complete/ -F / -o nospace -F }";
                else
                    eval "$orig_complete";
                fi;
            fi;
            [[ $ret -eq 0 ]] && return 124;
            return $ret;
        fi;
    fi
}
_fzf_host_completion () 
{ 
    _fzf_complete +m -- "$@" < <(__fzf_list_hosts)
}
_fzf_opts_completion () 
{ 
    local cur prev opts;
    COMPREPLY=();
    cur="${COMP_WORDS[COMP_CWORD]}";
    prev="${COMP_WORDS[COMP_CWORD-1]}";
    opts="
    +c --no-color
    +i --no-ignore-case
    +s --no-sort
    +x --no-extended
    --ansi
    --bash
    --bind
    --border
    --border-label
    --border-label-pos
    --color
    --cycle
    --disabled
    --ellipsis
    --expect
    --filepath-word
    --fish
    --header
    --header-first
    --header-lines
    --height
    --highlight-line
    --history
    --history-size
    --hscroll-off
    --info
    --jump-labels
    --keep-right
    --layout
    --listen
    --listen-unsafe
    --literal
    --man
    --margin
    --marker
    --min-height
    --no-bold
    --no-clear
    --no-hscroll
    --no-mouse
    --no-scrollbar
    --no-separator
    --no-unicode
    --padding
    --pointer
    --preview
    --preview-label
    --preview-label-pos
    --preview-window
    --print-query
    --print0
    --prompt
    --read0
    --reverse
    --scheme
    --scroll-off
    --separator
    --sync
    --tabstop
    --tac
    --tiebreak
    --tmux
    --track
    --version
    --with-nth
    --with-shell
    --wrap
    --zsh
    -0 --exit-0
    -1 --select-1
    -d --delimiter
    -e --exact
    -f --filter
    -h --help
    -i --ignore-case
    -m --multi
    -n --nth
    -q --query
    --";
    case "${prev}" in 
        --scheme)
            COMPREPLY=($(compgen -W "default path history" -- "$cur"));
            return 0
        ;;
        --tiebreak)
            COMPREPLY=($(compgen -W "length chunk begin end index" -- "$cur"));
            return 0
        ;;
        --color)
            COMPREPLY=($(compgen -W "dark light 16 bw no" -- "$cur"));
            return 0
        ;;
        --layout)
            COMPREPLY=($(compgen -W "default reverse reverse-list" -- "$cur"));
            return 0
        ;;
        --info)
            COMPREPLY=($(compgen -W "default right hidden inline inline-right" -- "$cur"));
            return 0
        ;;
        --preview-window)
            COMPREPLY=($(compgen -W "
      default
      hidden
      nohidden
      wrap
      nowrap
      cycle
      nocycle
      up top
      down bottom
      left
      right
      rounded border border-rounded
      sharp border-sharp
      border-bold
      border-block
      border-thinblock
      border-double
      noborder border-none
      border-horizontal
      border-vertical
      border-up border-top
      border-down border-bottom
      border-left
      border-right
      follow
      nofollow" -- "$cur"));
            return 0
        ;;
        --border)
            COMPREPLY=($(compgen -W "rounded sharp bold block thinblock double horizontal vertical top bottom left right none" -- "$cur"));
            return 0
        ;;
        --border-label-pos | --preview-label-pos)
            COMPREPLY=($(compgen -W "center bottom top" -- "$cur"));
            return 0
        ;;
    esac;
    if [[ "$cur" =~ ^-|\+ ]]; then
        COMPREPLY=($(compgen -W "${opts}" -- "$cur"));
        return 0;
    fi;
    return 0
}
_fzf_path_completion () 
{ 
    __fzf_generic_path_completion _fzf_compgen_path "-m" "" "$@"
}
_fzf_proc_completion () 
{ 
    local transformer;
    transformer='
    if [[ $FZF_KEY =~ ctrl|alt|shift ]] && [[ -n $FZF_NTH ]]; then
      nths=( ${FZF_NTH//,/ } )
      new_nths=()
      found=0
      for nth in ${nths[@]}; do
        if [[ $nth = $FZF_CLICK_HEADER_NTH ]]; then
          found=1
        else
          new_nths+=($nth)
        fi
      done
      [[ $found = 0 ]] && new_nths+=($FZF_CLICK_HEADER_NTH)
      new_nths=${new_nths[*]}
      new_nths=${new_nths// /,}
      echo "change-nth($new_nths)+change-prompt($new_nths> )"
    else
      if [[ $FZF_NTH = $FZF_CLICK_HEADER_NTH ]]; then
        echo "change-nth()+change-prompt(> )"
      else
        echo "change-nth($FZF_CLICK_HEADER_NTH)+change-prompt($FZF_CLICK_HEADER_WORD> )"
      fi
    fi
  ';
    _fzf_complete -m --header-lines=1 --no-preview --wrap --color fg:dim,nth:regular --bind "click-header:transform:$transformer" -- "$@" < <(command ps -eo user,pid,ppid,start,time,command 2> /dev/null || command ps -eo user,pid,ppid,time,args 2> /dev/null || command ps --everyone --full --windows)
}
_fzf_proc_completion_post () 
{ 
    __fzf_exec_awk '{print $2}'
}
_fzf_setup_completion () 
{ 
    local kind fn cmd;
    kind=$1;
    fn=_fzf_${1}_completion;
    if [[ $# -lt 2 ]] || ! type -t "$fn" > /dev/null; then
        echo "usage: ${FUNCNAME[0]} path|dir|var|alias|host|proc COMMANDS...";
        return 1;
    fi;
    shift;
    __fzf_orig_completion < <(complete -p "$@" 2> /dev/null);
    for cmd in "$@";
    do
        case "$kind" in 
            dir)
                __fzf_defc "$cmd" "$fn" "-o nospace -o dirnames"
            ;;
            var)
                __fzf_defc "$cmd" "$fn" "-o default -o nospace -v"
            ;;
            alias)
                __fzf_defc "$cmd" "$fn" "-a"
            ;;
            *)
                __fzf_defc "$cmd" "$fn" "-o default -o bashdefault"
            ;;
        esac;
    done
}
_fzf_var_completion () 
{ 
    _fzf_complete -m -- "$@" < <(declare -xp | command sed -En 's|^declare [^ ]+ ([^=]+).*|\1|p')
}
_get_APPENGINESDK_PREFIX () 
{ 
    local _APPENGINESDK_PREFIX=;
    if [ -n "${APPENGINESDK_PREFIX}" ]; then
        _APPENGINESDK_PREFIX="${APPENGINESDK_PREFIX}";
    else
        local _APPENGINESDK_BASEPATH;
        local _GCLOUDSDK_PREFIX;
        _GCLOUDSDK_PREFIX="$(_get_GCLOUDSDK_PREFIX)";
        if [ -n "${_GCLOUDSDK_PREFIX}" ]; then
            _APPENGINESDK_BASEPATH="${_GCLOUDSDK_PREFIX}/platform";
        else
            _APPENGINESDK_BASEPATH="/usr/local";
        fi;
        _APPENGINESDK_PREFIX="${_APPENGINESDK_BASEPATH}/google_appengine";
    fi;
    echo "${_APPENGINESDK_PREFIX}"
}
_get_GCLOUDSDK_PREFIX () 
{ 
    local _GCLOUDSDK_PREFIX=${1:-${GCLOUDSDK_PREFIX:-"${HOME}/google-cloud-sdk"}};
    echo "${_GCLOUDSDK_PREFIX}"
}
_get_comp_words_by_ref () 
{ 
    _comp_get_words "$@"
}
_get_cword () 
{ 
    local LC_CTYPE=C;
    local cword words;
    _comp__reassemble_words "${1-}" words cword;
    if [[ -n ${2-} && -n ${2//[^0-9]/} ]]; then
        printf "%s" "${words[cword - $2]}";
    else
        if ((${#words[cword]} == 0 && COMP_POINT == ${#COMP_LINE})); then
            :;
        else
            local i;
            local cur=$COMP_LINE;
            local index=$COMP_POINT;
            for ((i = 0; i <= cword; ++i))
            do
                while [[ ${#cur} -ge ${#words[i]} && ${cur:0:${#words[i]}} != "${words[i]}" ]]; do
                    cur=${cur:1};
                    ((index > 0)) && ((index--));
                done;
                if ((i < cword)); then
                    local old_size=${#cur};
                    cur=${cur#"${words[i]}"};
                    local new_size=${#cur};
                    ((index -= old_size - new_size));
                fi;
            done;
            if [[ ${words[cword]:0:${#cur}} != "$cur" ]]; then
                printf "%s" "${words[cword]}";
            else
                printf "%s" "${cur:0:index}";
            fi;
        fi;
    fi
}
_get_first_arg () 
{ 
    local i;
    arg=;
    for ((i = 1; i < COMP_CWORD; i++))
    do
        if [[ ${COMP_WORDS[i]} != -* ]]; then
            arg=${COMP_WORDS[i]};
            break;
        fi;
    done
}
_get_pword () 
{ 
    if ((COMP_CWORD >= 1)); then
        _get_cword "${@-}" 1;
    fi
}
_gids () 
{ 
    _comp_compgen_gids "$@"
}
_have () 
{ 
    _comp_have_command "$@"
}
_init_completion () 
{ 
    local was_split;
    _comp_initialize "$@";
    local rc=$?;
    local flag OPTIND=1 OPTARG="" OPTERR=0;
    while getopts "n:e:o:i:s" flag "$@"; do
        case $flag in 
            [neoi])

            ;;
            s)
                if [[ -n $was_split ]]; then
                    split=true;
                else
                    split=false;
                fi;
                break
            ;;
        esac;
    done;
    return "$rc"
}
_installed_modules () 
{ 
    _comp_compgen_inserted_kernel_modules "$@"
}
_ip_addresses () 
{ 
    _comp_compgen_ip_addresses "$@"
}
_kernel_versions () 
{ 
    _comp_compgen_kernel_versions "$@"
}
_known_hosts () 
{ 
    _comp_complete_known_hosts "$@"
}
_known_hosts_real () 
{ 
    _comp_compgen_known_hosts "$@"
}
_l () 
{ 
    source $SDIRS;
    env | grep --color=auto "^DIR_" | cut -c5- | sort | grep --color=auto "^.*=" | cut -f1 -d "="
}
_loadaliases () 
{ 
    alias chmodr='chmod -R';
    alias chownr='chown -R';
    alias grep='grep --color=auto';
    alias egrep='egrep --color=auto';
    alias fgrep='fgrep --color=auto';
    alias grindp='grind --sys-path';
    alias grinp='grin --sys-path';
    alias fumnt='fusermount -u';
    alias ga='git add';
    function gac () 
    { 
        __doc="
    # gac()    -- 'git add ${files}; git commit -m "${1}" ${files}'
    #   $1 (str): quoted commit message
    #   $2-$@ (list): file paths";
        local msg=${1:-""};
        shift;
        local files=("${@}");
        git diff "${files[@]}";
        if [ -n "${msg}" ]; then
            git commit "${files[@]}" -m "${msg}";
        else
            echo 'No message specified in $1, not comitting';
        fi
    };
    alias gb='git branch -v';
    alias gd='git diff';
    alias gds='git diff -p --stat';
    alias gc='git commit';
    alias gca='git commit --amend';
    alias gco='git checkout';
    alias gdc='git diff --cached';
    alias gl='git log --pretty=format:"%h : %an : %s" --topo-order --graph';
    alias gr='git remote -v';
    alias gs='git status -sb';
    alias gsi='(set -x; git is; git diff; git diff --cached)';
    alias gsiw='(cd $_WRD; gsi)';
    alias gsl='git stash list';
    alias gsn='git stash save';
    alias gss='git stash save';
    alias gitr='git remote -v';
    alias hga='hg add';
    function hgac () 
    { 
        local msg=${1:-""};
        shift;
        local files=("${@}");
        hg diff "${files[@]}";
        if [ -n "${msg}" ]; then
            hg commit -m "${msg}" "${files[@]}";
        else
            echo 'No message specified in $1, not comitting';
        fi
    };
    alias hgl='hg glog --pager=yes';
    alias hgs='hg status';
    alias hgd='hg diff';
    alias hgds='hg diff --stat';
    alias hgdl='hg diff --color=always | less -R';
    alias hgc='hg commit';
    alias hgu='hg update';
    alias hgq='hg qseries';
    alias hgqd='hg qdiff';
    alias hgqs='hg qseries';
    alias hgqn='hg qnew';
    alias hgr='hg paths';
    if [ -n "${__IS_MAC}" ]; then
        alias la='ls -A -G';
        alias ll='ls -alF -G';
        alias ls='ls -G';
        alias lt='ls -altr -G';
        alias lll='ls -altr -G';
    else
        alias la='ls -A --color=auto';
        alias ll='ls -alF --color=auto';
        alias ls='ls --color=auto';
        alias lt='ls -altr --color=auto';
        alias lll='ls -altr --color=auto';
    fi;
    if [ -n "${__IS_LINUX}" ]; then
        alias psx='ps uxaw';
        alias psf='ps uxawf';
        alias psxs='ps uxawf --sort=tty,ppid,pid';
        alias psxh='ps uxawf --sort=tty,ppid,pid | head';
        alias psh='ps uxaw | head';
        alias psc='ps uxaw --sort=-pcpu';
        alias psch='ps uxaw --sort=-pcpu | head';
        alias psm='ps uxaw --sort=-pmem';
        alias psmh='ps uxaw --sort=-pmem | head';
    else
        if [ -n "${__IS_MAC}" ]; then
            alias psx='ps uxaw';
            alias psf='ps uxaw';
            alias psh='ps uxaw | head';
            alias psc='ps uxaw -c';
            alias psch='ps uxaw -c | head';
            alias psm='ps uxaw -m';
            alias psmh='ps uxaw -m | head';
        fi;
    fi;
    alias pyg='pygmentize -P style=native';
    alias pygp='pyg -l python';
    alias pygj='pyg -l javascript';
    alias pygh='pyg -l html';
    alias catp='pyg';
    alias catpp='pyg -l python';
    alias catpj='pyg -l javascript';
    alias catph='pyg -l html';
    alias shtop='sudo htop';
    alias t='task';
    alias tf='tail -f';
    alias xclipc='xclip -selection c'
}
_longopt () 
{ 
    _comp_complete_longopt "$@"
}
_lsvirtualenv_usage () 
{ 
    echo "lsvirtualenv [-blh]";
    echo "  -b -- brief mode";
    echo "  -l -- long mode";
    echo "  -h -- this help message"
}
_mac_addresses () 
{ 
    _comp_compgen_mac_addresses "$@"
}
_makew () 
{ 
    if [ -z "${_WRD}" ]; then
        echo '_WRD= must be set' 1>&2;
        return 2;
    fi;
    if [ ! -e "${_WRD}" ]; then
        echo '_WRD='"$_WRD doesn't exist" 1>&2;
        return 2;
    fi;
    ( make -C "${_WRD}" "${@}" )
}
_makew_complete () 
{ 
    local cur=${2};
    COMPREPLY=($(compgen -W "$(make -C "${_WRD}" -qp 2> /dev/null | awk -F':' '/^[a-zA-Z0-9][^$#\/\t=]*:([^=]|$)/ \
    {split($1,A,/ /);for(i in A)print A[i]}')" -- "$cur"))
}
_minimal () 
{ 
    _comp_complete_minimal "$@"
}
_mkvirtualenv_conda_usage () 
{ 
    echo "mkvirtualenv_conda <envname|path> [CONDA_ENVS_PATH|27,34,312] [<package>+]";
    echo "mkcondaenv    [-h] <envname|path> [CONDA_ENVS_PATH|27,34,312] [<package>+]";
    echo "";
    echo "To create a condaenv named 'science':";
    echo "";
    echo "  $ mkcondaenv science    # envname=science CONDA_ENVS_PATH=='$CONDA_ENVS_PATH'";
    echo "  $ mkcondaenv science 27 # envname=science "'CONDA_ENVS_PATH="$__WRK/-ce27"';
    echo "  $ mkcondaenv science 34 # envname=science "'CONDA_ENVS_PATH="$__WRK/-ce27"';
    echo "  $ mkcondaenv science 35";
    echo "  $ mkcondaenv ~/science 37";
    echo "  $ mkcondaenv science ~/condaenvs";
    echo "  $ mkcondaenv science 37 jupyterlab matplotlib pandas";
    echo "";
    echo "To workon a condaenv named 'science':'";
    echo "";
    echo "  $ workon_conda science science 37";
    echo "  $ wec science science 37";
    echo "";
    echo "To workon a condaenv named 'science' in the (implicit) 37 condaroot:";
    echo "";
    echo "  $ _setup_conda 37";
    echo "  $ wec science";
    echo ""
}
_modules () 
{ 
    _comp_compgen_kernel_modules "$@"
}
_ncpus () 
{ 
    local REPLY;
    _comp_get_ncpus;
    printf %s "$REPLY"
}
_parse_help () 
{ 
    local -a args;
    if [[ $1 == - ]]; then
        args=(-);
    else
        local REPLY opt IFS=' 	
';
        _comp_dequote "$1";
        _comp_split opt "${2:---help}";
        args=(-c "$REPLY" ${opt[@]+"${opt[@]}"});
    fi;
    local -a REPLY=();
    _comp_compgen -Rv REPLY help "${args[@]}" || return 1;
    ((${#REPLY[@]})) && printf '%s\n' "${REPLY[@]}";
    return 0
}
_parse_usage () 
{ 
    local -a args;
    if [[ $1 == - ]]; then
        args=(-);
    else
        local REPLY opt IFS=' 	
';
        _comp_dequote "$1";
        _comp_split opt "${2:---usage}";
        args=(-c "$REPLY" ${opt[@]+"${opt[@]}"});
    fi;
    local -a REPLY=();
    _comp_compgen -Rv REPLY usage "${args[@]}" || return 1;
    ((${#REPLY[@]})) && printf '%s\n' "${REPLY[@]}";
    return 0
}
_pci_ids () 
{ 
    _comp_compgen -a pci_ids
}
_pgids () 
{ 
    _comp_compgen_pgids "$@"
}
_pids () 
{ 
    _comp_compgen_pids "$@"
}
_pnames () 
{ 
    _comp_compgen_pnames "$@"
}
_purge_line () 
{ 
    if [ -s "$1" ]; then
        t=$(mktemp -t bashmarks.XXXXXX) || exit 1;
        trap "rm -f -- '$t'" EXIT;
        sed "/$2/d" "$1" > "$t";
        mv "$t" "$1";
        rm -f -- "$t";
        trap - EXIT;
    fi
}
_python_argcomplete () 
{ 
    local IFS='';
    local script="";
    if [[ -n "${ZSH_VERSION-}" ]]; then
        local completions;
        completions=($(IFS="$IFS" COMP_LINE="$BUFFER" COMP_POINT="$CURSOR" _ARGCOMPLETE=1 _ARGCOMPLETE_SHELL="zsh" _ARGCOMPLETE_SUPPRESS_SPACE=1 __python_argcomplete_run ${script:-${words[1]}}));
        local nosort=();
        local nospace=();
        if is-at-least 5.8; then
            nosort=(-o nosort);
        fi;
        if [[ "${completions-}" =~ ([^\\]): && "${match[1]}" =~ [=/:] ]]; then
            nospace=(-S '');
        fi;
        _describe "${words[1]}" completions "${nosort[@]}" "${nospace[@]}";
    else
        local SUPPRESS_SPACE=0;
        if compopt +o nospace 2> /dev/null; then
            SUPPRESS_SPACE=1;
        fi;
        COMPREPLY=($(IFS="$IFS" COMP_LINE="$COMP_LINE" COMP_POINT="$COMP_POINT" COMP_TYPE="$COMP_TYPE" _ARGCOMPLETE_COMP_WORDBREAKS="$COMP_WORDBREAKS" _ARGCOMPLETE=1 _ARGCOMPLETE_SHELL="bash" _ARGCOMPLETE_SUPPRESS_SPACE=$SUPPRESS_SPACE __python_argcomplete_run ${script:-$1}));
        if [[ $? != 0 ]]; then
            unset COMPREPLY;
        else
            if [[ $SUPPRESS_SPACE == 1 ]] && [[ "${COMPREPLY-}" =~ [=/:]$ ]]; then
                compopt -o nospace;
            fi;
        fi;
    fi
}
_python_argcomplete_global () 
{ 
    if [[ -n "${ZSH_VERSION-}" ]]; then
        setopt local_options BASH_REMATCH;
    fi;
    local _BASH_REMATCH="";
    local executable="";
    local req_argv=();
    if [[ -z "${ZSH_VERSION-}" ]]; then
        executable=$1;
        req_argv=("" "${COMP_WORDS[@]:1}");
        __python_argcomplete_expand_tilde_by_ref executable;
    else
        executable="${words[1]}";
        __python_argcomplete_expand_tilde_by_ref executable;
        req_argv=("${words[@]:1}");
    fi;
    local ARGCOMPLETE=0;
    if [[ "$executable" == python* ]] || [[ "$executable" == pypy* ]]; then
        if [[ "${req_argv[1]}" == -m ]]; then
            if __python_argcomplete_run "$executable" -m argcomplete._check_module "${req_argv[2]}"; then
                ARGCOMPLETE=3;
            else
                return;
            fi;
        fi;
        if [[ $ARGCOMPLETE == 0 ]]; then
            local potential_path="${req_argv[1]}";
            __python_argcomplete_expand_tilde_by_ref potential_path;
            if [[ -f "$potential_path" ]] && __python_argcomplete_scan_head_noerr "$potential_path" magic_string; then
                req_argv[1]="$potential_path";
                ARGCOMPLETE=2;
            else
                return;
            fi;
        fi;
    else
        if __python_argcomplete_which "$executable" > /dev/null 2>&1; then
            local SCRIPT_NAME=$(__python_argcomplete_which "$executable");
            __python_argcomplete_scan_head_noerr "$SCRIPT_NAME" interpreter;
            if ( __python_argcomplete_which pyenv && [[ "$SCRIPT_NAME" = $(pyenv root)/shims/* ]] ) > /dev/null 2>&1; then
                local SCRIPT_NAME=$(pyenv which "$executable");
            fi;
            if ( __python_argcomplete_which asdf && __python_argcomplete_scan_head_noerr "$SCRIPT_NAME" asdf ) > /dev/null 2>&1; then
                local SCRIPT_NAME=$(asdf which "$executable");
            fi;
            if __python_argcomplete_scan_head_noerr "$SCRIPT_NAME" magic_string; then
                ARGCOMPLETE=1;
            else
                if __python_argcomplete_scan_head_noerr "$SCRIPT_NAME" interpreter; then
                    __python_argcomplete_upshift_bash_rematch;
                    local interpreter="${_BASH_REMATCH[2]}";
                    if [[ -n "${ZSH_VERSION-}" ]]; then
                        interpreter=($=interpreter);
                    else
                        interpreter=($interpreter);
                    fi;
                    if ( __python_argcomplete_scan_head_noerr "$SCRIPT_NAME" easy_install && "${interpreter[@]}" "$(__python_argcomplete_which python-argcomplete-check-easy-install-script)" "$SCRIPT_NAME" ) > /dev/null 2>&1; then
                        ARGCOMPLETE=1;
                    else
                        if ( [[ "${interpreter[@]}" == *python* ]] || [[ "${interpreter[@]}" == *pypy* ]] ) && __python_argcomplete_run "${interpreter[@]}" -m argcomplete._check_console_script "$SCRIPT_NAME"; then
                            ARGCOMPLETE=1;
                        fi;
                    fi;
                fi;
            fi;
        fi;
    fi;
    if [[ $ARGCOMPLETE != 0 ]]; then
        local IFS='';
        if [[ -n "${ZSH_VERSION-}" ]]; then
            local completions;
            completions=($(IFS="$IFS" COMP_LINE="$BUFFER" COMP_POINT="$CURSOR" _ARGCOMPLETE=$ARGCOMPLETE _ARGCOMPLETE_SHELL="zsh" _ARGCOMPLETE_SUPPRESS_SPACE=1 __python_argcomplete_run "$executable" "${(@)req_argv[1, ${ARGCOMPLETE}-1]}"));
            local nosort=();
            local nospace=();
            if is-at-least 5.8; then
                nosort=(-o nosort);
            fi;
            if [[ "${completions-}" =~ ([^\\]): && "${BASH_REMATCH[2]}" =~ [=/:] ]]; then
                nospace=(-S '');
            fi;
            _describe "$executable" completions "${nosort[@]}" "${nospace[@]}";
        else
            COMPREPLY=($(IFS="$IFS" COMP_LINE="$COMP_LINE" COMP_POINT="$COMP_POINT" COMP_TYPE="$COMP_TYPE" _ARGCOMPLETE_COMP_WORDBREAKS="$COMP_WORDBREAKS" _ARGCOMPLETE=$ARGCOMPLETE _ARGCOMPLETE_SHELL="bash" _ARGCOMPLETE_SUPPRESS_SPACE=1 __python_argcomplete_run "$executable" "${req_argv[@]:1:${ARGCOMPLETE}-1}"));
            if [[ $? != 0 ]]; then
                unset COMPREPLY;
            else
                if [[ "${COMPREPLY-}" =~ [=/:]$ ]]; then
                    compopt -o nospace;
                fi;
            fi;
        fi;
    else
        if [[ -n "${ZSH_VERSION-}" ]]; then
            _default;
        else
            type -t _completion_loader | grep --color=auto -q 'function' && _completion_loader "$@";
        fi;
    fi
}
_quote_readline_by_ref () 
{ 
    [[ $2 == REPLY ]] || local REPLY;
    _comp_quote_compgen "$1";
    [[ $2 == REPLY ]] || printf -v "$2" %s "$REPLY"
}
_realcommand () 
{ 
    local REPLY;
    _comp_realcommand "$1";
    local rc=$?;
    printf "%s\n" "$REPLY";
    return $rc
}
_rebuild_virtualenv () 
{ 
    echo "rebuild_virtualenv()";
    VENVSTR="${1}";
    VIRTUAL_ENV=${2:-"${WORKON_HOME}/${VENVSTR}"};
    _test_path_is_not_root "${VIRTUAL_ENV}" || echo "ERROR: VIRTUAL_ENV may not be ~='/'; VIRTUAL_ENV='$VIRTUAL_ENV'" && return 2;
    _BIN="${VIRTUAL_ENV}/bin";
    pyver=$(python -c "import sys; print('{}.{}'.format(*sys.version_info[:2]))");
    _PYSITE="${VIRTUAL_ENV}/lib/python${pyver}/site-packages";
    declare -f 'deactivate' > /dev/null 2>&1 && deactivate;
    if [ -n "${VIRTUAL_ENV}" ]; then
        find -E "${_PYSITE}" -iname 'activate*' -delete;
        find -E "${_PYSITE}" -iname 'pip*' -delete;
        find -E "${_PYSITE}" -iname 'setuptools*' -delete;
        find -E "${_PYSITE}" -iname 'distribute*' -delete;
        find -E "${_PYSITE}" -iname 'easy_install*' -delete;
        find -E "${_PYSITE}" -iname 'python*' -delete;
    fi;
    mkvirtualenv -i setuptools -i wheel -i pip "${VENVSTR}";
    workon "${VENVSTR}" && we "${VENVSTR}";
    _BIN="${VIRTUAL_ENV}/bin";
    if [ "${_BIN}" == "/bin" ]; then
        echo "err: _BIN=${_BIN}";
        return 1;
    fi;
    find "${_BIN}" -type f | grep --color=auto -v '.bak$' | grep --color=auto -v 'python*$' | xargs head -n1;
    find "${_BIN}" -type f | grep --color=auto -v '.bak$' | grep --color=auto -v 'python*$' | LC_ALL=C xargs sed -i.bak -E 's,^#!.*python.*,#!'"${_BIN}"'/python,';
    find "${_BIN}" -name '*.bak' -delete;
    find "${_BIN}" -type f | grep --color=auto -v '.bak$' | grep --color=auto -v 'python*$' | xargs head -n1;
    echo "
    # TODO: adjust paths beyond the shebang
    #${_BIN}/pip install -v -v -r <(${_BIN}/pip freeze)
    #${_BIN}/pip install -r ${_WRD}/requirements.txt
    "
}
_rl_enabled () 
{ 
    _comp_readline_variable_on "$@"
}
_root_command () 
{ 
    _comp_root_command "$@"
}
_rpmdev_archives () 
{ 
    if [[ ${#@} -ne 0 ]]; then
        local cur prev;
        _rpmdev_curprev "$2" "$3";
    fi;
    _filedir '@([rs]pm|deb|zip|?([ejtw])ar|tzo|[glx7]z|bz2|lzma|lrz|lz4|t@(bz?(2)|[glx]z)|cpio|arj|zoo|cab|rar|ace|lha)';
    _rpmdev_uniqargs
}
_rpmdev_bumpspec () 
{ 
    COMPREPLY=();
    local i;
    for i in ${COMP_WORDS[@]};
    do
        [[ "$i" == -@(h|-help|v|-version) ]] && return;
    done;
    local cur prev;
    _rpmdev_curprev "$2" "$3";
    [[ $prev == -@(c|-comment|u|-userstring) ]] && return;
    if [[ "$cur" == -* ]]; then
        COMPREPLY=($(compgen -W '--help --comment --userstring --rightmost
                                   --verbose --version' -- "$cur"));
    else
        _filedir spec;
        if [[ $cur != .* ]]; then
            for i in ${!COMPREPLY[@]};
            do
                [[ ${COMPREPLY[i]} == .@(git|svn) ]] && unset COMPREPLY[i];
            done;
        fi;
    fi;
    _rpmdev_uniqargs
}
_rpmdev_curprev () 
{ 
    if declare -F _get_comp_words_by_ref &> /dev/null; then
        _get_comp_words_by_ref cur prev;
    else
        cur=$1 prev=$2;
    fi
}
_rpmdev_diff () 
{ 
    COMPREPLY=();
    local i;
    for i in ${COMP_WORDS[@]};
    do
        [[ "$i" == -@(h|-help|v|-version) ]] && return;
    done;
    local cur prev;
    _rpmdev_curprev "$2" "$3";
    if [[ "$cur" == -* ]]; then
        COMPREPLY=($(compgen -W '--contents --list --long-list --metadata
            --help --version' -- "$cur"));
        _rpmdev_uniqargs;
        return;
    fi;
    _rpmdev_archives
}
_rpmdev_extract () 
{ 
    COMPREPLY=();
    local i;
    for i in ${COMP_WORDS[@]};
    do
        [[ "$i" == -@(h|v) ]] && return;
    done;
    local cur prev;
    _rpmdev_curprev "$2" "$3";
    if [[ $prev == -C ]]; then
        _filedir -d;
        return;
    fi;
    if [[ "$cur" == -* ]]; then
        COMPREPLY=($(compgen -W '-q -f -C -h -v' -- "$cur"));
        _rpmdev_uniqargs;
        return;
    fi;
    _rpmdev_archives
}
_rpmdev_installed_packages () 
{ 
    if declare -F _rpm_installed_packages &> /dev/null; then
        _rpm_installed_packages;
    else
        if declare -F _xfunc &> /dev/null; then
            _xfunc rpm _rpm_installed_packages;
        fi;
    fi
}
_rpmdev_newspec () 
{ 
    COMPREPLY=();
    local i;
    for i in ${COMP_WORDS[@]};
    do
        [[ "$i" == -@(h|-help|v|-version) ]] && return;
    done;
    local cur prev;
    _rpmdev_curprev "$2" "$3";
    case $prev in 
        -o | --output)
            _filedir spec;
            return
        ;;
        -t | --type)
            COMPREPLY=($(command ls /etc/rpmdevtools/spectemplate-*.spec 2> /dev/null));
            COMPREPLY=(${COMPREPLY[@]%.spec});
            COMPREPLY=(${COMPREPLY[@]#/etc/rpmdevtools/spectemplate-});
            COMPREPLY=($(compgen -W '${COMPREPLY[@]}' -- "$cur"));
            return
        ;;
        -r | --rpm-version)
            COMPREPLY=($(compgen -W '4.3 4.4 4.6 4.8 4.11 4.12' -- "$cur"));
            return
        ;;
    esac;
    if [[ "$cur" == -* ]]; then
        COMPREPLY=($(compgen -W '--output --type --macros --rpm-version
            --help --version' -- "$cur"));
    else
        _filedir spec;
    fi;
    _rpmdev_uniqargs
}
_rpmdev_rmdevelrpms () 
{ 
    COMPREPLY=();
    local i;
    for i in ${COMP_WORDS[@]};
    do
        [[ "$i" == -@(h|-help|v|-version) ]] && return;
    done;
    local cur prev;
    _rpmdev_curprev "$2" "$3";
    [[ $prev == --@(qf|queryformat) ]] && return;
    COMPREPLY=($(compgen -W '--help --list-only --queryformat --yes
                               --version' -- "$cur"));
    _rpmdev_uniqargs
}
_rpmdev_rpmfiles () 
{ 
    if [[ ${#@} -ne 0 ]]; then
        local cur prev;
        _rpmdev_curprev "$2" "$3";
    fi;
    _filedir '[rs]pm';
    _rpmdev_uniqargs
}
_rpmdev_setuptree () 
{ 
    local cur prev;
    _rpmdev_curprev "$2" "$3";
    if [[ "$cur" == -* ]]; then
        COMPREPLY=($(compgen -W '-d' -- "$cur"));
    fi
}
_rpmdev_uniqargs () 
{ 
    local i j;
    for i in ${!COMPREPLY[@]};
    do
        for ((j=0; j < ${#COMP_WORDS[@]}; j++ ))
        do
            if [[ $j -ne $COMP_CWORD && ${COMPREPLY[i]} == ${COMP_WORDS[j]} ]]; then
                unset COMPREPLY[i];
                break;
            fi;
        done;
    done
}
_rpmdev_vercmp () 
{ 
    COMPREPLY=();
    local i;
    for i in ${COMP_WORDS[@]};
    do
        [[ "$i" == -@(h|-help|u|-usage) ]] && return;
    done;
    local cur prev;
    _rpmdev_curprev "$2" "$3";
    if [[ $cur == -* ]]; then
        COMPREPLY=($(compgen -W '--help' -- "$cur"));
    fi
}
_rpminfo () 
{ 
    COMPREPLY=();
    local i;
    for i in ${COMP_WORDS[@]};
    do
        [[ "$i" == -@(h|-help) ]] && return;
    done;
    local cur prev;
    _rpmdev_curprev "$2" "$3";
    case $prev in 
        -o | --output)
            _filedir;
            return
        ;;
        -T | --tmp-dir)
            _filedir -d;
            return
        ;;
    esac;
    if [[ "$cur" == -* ]]; then
        COMPREPLY=($(compgen -W '--help --verbose --quiet -qq --installed
                                   --executables --libraries --pic --no_pic
                                   --pie --no_pie --rpath --rpath_odd --split
                                   --test --output --tmp-dir' -- "$cur"));
        _rpmdev_uniqargs;
        return;
    fi;
    [[ $cur != */* ]] && _rpmdev_installed_packages;
    _rpmdev_rpmfiles
}
_rpmls () 
{ 
    COMPREPLY=();
    local cur prev;
    _rpmdev_curprev "$2" "$3";
    if [[ "$cur" == -* ]]; then
        COMPREPLY=($(compgen -W '-l' -- "$cur"));
        _rpmdev_uniqargs;
        return;
    fi;
    [[ $cur != */* ]] && _rpmdev_installed_packages;
    _rpmdev_rpmfiles
}
_service () 
{ 
    _comp_complete_service "$@"
}
_services () 
{ 
    _comp_compgen_services "$@"
}
_setup_APPENGINESDK_PREFIX () 
{ 
    local _APPENGINESDK_PREFIX=;
    if [ -n "${1}" ]; then
        _APPENGINESDK_PREFIX="${1}";
    else
        local _GCLOUDSDK_PREFIX;
        _GCLOUDSDK_PREFIX="$(_get_GCLOUDSDK_PREFIX)";
        if [ -d "${_GCLOUDSDK_PREFIX}" ]; then
            _setup_GCLOUDSDK_PREFIX;
        fi;
        _APPENGINESDK_PREFIX="$(_get_APPENGINESDK_PREFIX)";
    fi;
    export APPENGINESDK_PREFIX="${_APPENGINESDK_PREFIX}"
}
_setup_GCLOUDSDK_PREFIX () 
{ 
    export GCLOUDSDK_PREFIX="${1:-"$(_get_GCLOUDSDK_PREFIX ${1:+"${1}"})"}"
}
_setup_appenginesdk () 
{ 
    _setup_APPENGINESDK_PREFIX ${1:+"${1}"};
    PATH_prepend "${APPENGINESDK_PREFIX}"
}
_setup_conda () 
{ 
    for arg in "${@}";
    do
        case "${arg}" in 
            -h | --help)
                __setup_conda_usage;
                return 0
            ;;
        esac;
    done;
    local _conda_envs_path="${1}";
    local _conda_root_path="${2}";
    echo "_conda_envs_path=${_conda_envs_path}";
    echo "_conda_root_path=${_conda_root_path}";
    _setup_conda_defaults "${__WRK}";
    if [ -z "${_conda_envs_path}" ]; then
        export CONDA_ENVS_PATH="${CONDA_ENVS_PATH:-${CONDA_ENVS__py37}}";
        export CONDA_ROOT="${CONDA_ROOT:-${CONDA_ROOT__py37}}";
    else
        if [ "$_conda_envs_path" == "27" ]; then
            export CONDA_ENVS_PATH="$CONDA_ENVS__py27";
            export CONDA_ROOT="$CONDA_ROOT__py27";
        else
            if [ "$_conda_envs_path" == "34" ]; then
                export CONDA_ENVS_PATH="$CONDA_ENVS__py34";
                export CONDA_ROOT="$CONDA_ROOT__py34";
            else
                if [ "$_conda_envs_path" == "35" ]; then
                    export CONDA_ENVS_PATH="$CONDA_ENVS__py35";
                    export CONDA_ROOT="$CONDA_ROOT__py35";
                else
                    if [ "$_conda_envs_path" == "36" ]; then
                        export CONDA_ENVS_PATH="$CONDA_ENVS__py36";
                        export CONDA_ROOT="$CONDA_ROOT__py36";
                    else
                        if [ "$_conda_envs_path" == "37" ]; then
                            export CONDA_ENVS_PATH="$CONDA_ENVS__py37";
                            export CONDA_ROOT="$CONDA_ROOT__py37";
                        else
                            if [ "$_conda_envs_path" == "38" ]; then
                                export CONDA_ENVS_PATH="$CONDA_ENVS__py38";
                                export CONDA_ROOT="$CONDA_ROOT__py38";
                            else
                                if [ "$_conda_envs_path" == "39" ]; then
                                    export CONDA_ENVS_PATH="$CONDA_ENVS__py39";
                                    export CONDA_ROOT="$CONDA_ROOT__py39";
                                else
                                    if [ "$_conda_envs_path" == "310" ]; then
                                        export CONDA_ENVS_PATH="$CONDA_ENVS__py310";
                                        export CONDA_ROOT="$CONDA_ROOT__py310";
                                    else
                                        if [ "$_conda_envs_path" == "311" ]; then
                                            export CONDA_ENVS_PATH="$CONDA_ENVS__py311";
                                            export CONDA_ROOT="$CONDA_ROOT__py311";
                                        else
                                            if [ "$_conda_envs_path" == "312" ]; then
                                                export CONDA_ENVS_PATH="$CONDA_ENVS__py312";
                                                export CONDA_ROOT="$CONDA_ROOT__py312";
                                            else
                                                export CONDA_ENVS_PATH="${_conda_envs_path}";
                                                export CONDA_ROOT="${_conda_root_path:-${CONDA_ROOT:-${CONDA_ROOT__py37}}}";
                                            fi;
                                        fi;
                                    fi;
                                fi;
                            fi;
                        fi;
                    fi;
                fi;
            fi;
        fi;
    fi;
    _setup_conda_path
}
_setup_conda_defaults () 
{ 
    local __wrk="${1:-${__WRK}}";
    export CONDA_ENVS__py27="${__wrk}/-ce27";
    export CONDA_ENVS__py34="${__wrk}/-ce34";
    export CONDA_ENVS__py35="${__wrk}/-ce35";
    export CONDA_ENVS__py36="${__wrk}/-ce36";
    export CONDA_ENVS__py37="${__wrk}/-ce37";
    export CONDA_ENVS__py38="${__wrk}/-ce38";
    export CONDA_ENVS__py39="${__wrk}/-ce39";
    export CONDA_ENVS__py310="${__wrk}/-ce310";
    export CONDA_ENVS__py311="${__wrk}/-ce311";
    export CONDA_ENVS__py312="${__wrk}/-ce312";
    export CONDA_ROOT__py27="${__wrk}/-conda27";
    export CONDA_ROOT__py34="${__wrk}/-conda34";
    export CONDA_ROOT__py35="${__wrk}/-conda35";
    export CONDA_ROOT__py36="${__wrk}/-conda36";
    export CONDA_ROOT__py37="${__wrk}/-conda37";
    export CONDA_ROOT__py38="${__wrk}/-conda38";
    export CONDA_ROOT__py39="${__wrk}/-conda39";
    export CONDA_ROOT__py310="${__wrk}/-conda310";
    export CONDA_ROOT__py311="${__wrk}/-conda311";
    export CONDA_ROOT__py312="${__wrk}/-conda312";
    export CONDA_ROOT="${__wrk}/-conda37";
    export CONDA_ENVS_PATH="${__wrk}/-ce37"
}
_setup_conda_path () 
{ 
    _unsetup_conda_path_all;
    ( set -x;
    test -n "${CONDA_ROOT}" ) || return 2;
    PATH_prepend "${CONDA_ROOT}/bin" > /dev/null 2>&1
}
_setup_editor () 
{ 
    export VIMBIN="/usr/bin/vim";
    export GVIMBIN="/usr/bin/gvim";
    export MVIMBIN="/usr/local/bin/mvim";
    export GUIVIMBIN="";
    if [ -x ${GVIMBIN} ]; then
        export GUIVIMBIN=$GVIMBIN;
    else
        if [ -x ${MVIMBIN} ]; then
            export GUIVIMBIN=$MVIMBIN;
        fi;
    fi;
    export EDITOR="${VIMBIN} -f";
    export EDITOR_="${EDITOR}";
    export SUDO_EDITOR="${VIMBIN} -f";
    if [ -n "${GUIVIMBIN}" ]; then
        export VIMCONF="--servername ${VIRTUAL_ENV_NAME:-"/"}";
        export EDITOR="${GUIVIMBIN} -f";
        export EDITOR_="${GUIVIMBIN} ${VIMCONF} --remote-tab-silent";
        export SUDO_EDITOR="${GUIVIMBIN} -f";
        alias gvim='${GUIVIMBIN}';
    else
        unset -f "$GVIMBIN";
        unset -f "$MVIMBIN";
        unset -f "$USEGVIM";
    fi;
    export _EDITOR="${EDITOR}"
}
_setup_gcloudsdk () 
{ 
    _setup_GCLOUDSDK_PREFIX "${1:+"${1}"}";
    source "${GCLOUDSDK_PREFIX}/path.bash.inc";
    source "${GCLOUDSDK_PREFIX}/completion.bash.inc"
}
_setup_pager () 
{ 
    export PAGER='/usr/bin/less -R'
}
_setup_pip () 
{ 
    export PIP_REQUIRE_VIRTUALENV=false
}
_setup_pyenv () 
{ 
    export PYENV_ROOT="${HOME}/.pyenv";
    PATH_prepend "${PYENV_ROOT}/bin";
    eval "$(pyenv init -)";
    pyenv virtualenvwrapper
}
_setup_python () 
{ 
    export PYTHONSTARTUP="${HOME}/.pythonrc"
}
_setup_supervisord () 
{ 
    local svcfg=${1:-${_SVCFG}};
    if [ -z "${svcfg}" ]; then
        if [ -n "${VIRTUAL_ENV}" ]; then
            local _svcfg="${VIRTUAL_ENV}/etc/supervisord.conf";
        else
            local _svcfg="supervisord.conf";
        fi;
        if [ -n "${_svcfg}" ]; then
            svcfg="${_svcfg}";
        fi;
    fi;
    export _SVCFG="${svcfg}"
}
_setup_usrlog () 
{ 
    _usrlog_setup "$@"
}
_setup_venv () 
{ 
    export __PROJECTSRC="${__WRK}/.projectsrc.sh";
    [ -f "$__PROJECTSRC" ] && source "$__PROJECTSRC";
    PATH_prepend "${HOME}/.local/bin";
    export __VENV="${__DOTFILES}/scripts/venv.py";
    source "${__DOTFILES}/etc/venv/scripts/venv.sh";
    if [ "${VENVPREFIX}" == "/" ]; then
        source "${__DOTFILES}/etc/venv/scripts/venv_root_prefix.sh";
    fi
}
_setup_venv_SRC () 
{ 
    export __SRCVENV="${__WRK}/src";
    export __SRC="${__SRCVENV}/src";
    if [ ! -e "${__SRCVENV}" ]; then
        if [ ! -d "${WORKON_HOME}/src" ]; then
            mkvirtualenv -p "$(command -v python)" -i pyrpo -i pyline -i pgs src;
        fi;
        ln -s "${WORKON_HOME}/src" "${__SRCVENV}";
    fi;
    if [ ! -d "$__SRC" ]; then
        mkdir -p "${__SRC}/git/github.com" "${__SRC}/git/gitlab.com" "${__SRC}/git/bitbucket.org" "${__SRC}/hg/bitbucket.org";
    fi
}
_setup_venv_aliases () 
{ 
    source "${__DOTFILES}/scripts/_ewrd.sh";
    source "${__DOTFILES}/scripts/_grinwrd.sh";
    source "${__DOTFILES}/scripts/makew";
    source "${__DOTFILES}/scripts/ssv";
    _setup_supervisord;
    source "${__DOTFILES}/scripts/hgw";
    source "${__DOTFILES}/scripts/gitw";
    alias testpyw='(cd ${_WRD} && python "${_WRD_SETUPY}" test)';
    alias testpywr='(reset; cd ${_WRD} && python "${_WRD_SETUPY}" test)'
}
_setup_venv_prompt () 
{ 
    local venvprompt="";
    venvprompt=${_APP:-${VIRTUAL_ENV_NAME:-${VIRTUAL_ENV:+"$(basename $VIRTUAL_ENV)"}}};
    export VENVPROMPT="${venvprompt:+"($venvprompt) "}${debian_chroot:+"[$debian_chroot] "}${WINDOW_TITLE:+"$WINDOW_TITLE "}";
    if [ -n "$BASH_VERSION" ]; then
        if [ "$color_prompt" == yes ]; then
            PS1='${VENVPROMPT}\[\033[01;32m\]\u@\h\[\033[00m\]:\[\033[01;34m\]\w\[\033[00m\]\n\$ ';
        else
            PS1='${VENVPROMPT}\u@\h:\w\n\$ ';
            unset color_prompt;
        fi;
    fi
}
_setup_virtualenvwrapper () 
{ 
    _setup_virtualenvwrapper_config;
    _setup_virtualenvwrapper_dirs
}
_setup_virtualenvwrapper_config () 
{ 
    export VIRTUALENVWRAPPER_HOOK_DIR="${__DOTFILES}/etc/virtualenvwrapper";
    export VIRTUALENVWRAPPER_LOG_DIR="${PROJECT_HOME}/.virtualenvlogs";
    if [ -n "${VIRTUALENVWRAPPER_PYTHON}" ]; then
        if [ -x "/usr/local/bin/python3" ]; then
            export VIRTUALENVWRAPPER_PYTHON="/usr/local/bin/python3";
        else
            if [ -x "/usr/local/bin/python" ]; then
                export VIRTUALENVWRAPPER_PYTHON="/usr/local/bin/python";
            else
                if [ -x "${HOME}/.local/bin/python3" ]; then
                    export VIRTUALENVWRAPPER_PYTHON="${HOME}/.local/bin/python3";
                else
                    if [ -x "${HOME}/.local/bin/python" ]; then
                        export VIRTUALENVWRAPPER_PYTHON="${HOME}/.local/bin/python";
                    else
                        if [ -x "/usr/bin/python3" ]; then
                            export VIRTUALENVWRAPPER_PYTHON="/usr/bin/python3";
                        else
                            if [ -x "/bin/python3" ]; then
                                export VIRTUALENVWRAPPER_PYTHON="/bin/python3";
                            fi;
                        fi;
                    fi;
                fi;
            fi;
        fi;
    fi;
    if [ -x "/usr/local/bin/virtualenvwrapper.sh" ]; then
        export VIRTUALENVWRAPPER_SCRIPT="/usr/local/bin/virtualenvwrapper.sh";
    fi;
    local _PATH="${HOME}/.local/bin:/usr/local/bin:${PATH}";
    if [ -z "${VIRTUALENVWRAPPER_SCRIPT}" ]; then
        VIRTUALENVWRAPPER_SCRIPT=$( ( PATH="${_PATH}"; command -v virtualenvwrapper.sh ));
        export VIRTUALENVWRAPPER_SCRIPT;
    fi;
    if [ -z "${VIRTUALENVWRAPPER_PYTHON}" ]; then
        VIRTUALENVWRAPPER_PYTHON=$( ( PATH="${_PATH}"; command -v python ));
        export VIRTUALENVWRAPPER_PYTHON;
    fi;
    unset VIRTUALENV_DISTRIBUTE;
    if [ -n "${VIRTUALENVWRAPPER_SCRIPT}" ]; then
        source "${VIRTUALENVWRAPPER_SCRIPT}";
    else
        echo "Err: VIRTUALENVWRAPPER_SCRIPT:=${VIRTUALENVWRAPPER_SCRIPT} # 404";
    fi
}
_setup_virtualenvwrapper_default_config () 
{ 
    export __WRK="${__WRK:-"${HOME}/workspace"}";
    export PROJECT_HOME="${__WRK}";
    export WORKON_HOME="${HOME}/.virtualenvs"
}
_setup_virtualenvwrapper_dirs () 
{ 
    umask 027;
    mkdir -p "${__WRK}" || chmod o-rwx "${__WRK}";
    mkdir -p "${PROJECT_HOME}" || chmod o-rwx "${PROJECT_HOME}";
    mkdir -p "${WORKON_HOME}" || chmod o-rwx "${WORKON_HOME}"
}
_setup_virtualenvwrapper_dotfiles_config () 
{ 
    export __WRK="${__WRK:-"${HOME}/-wrk"}";
    export PROJECT_HOME="${__WRK}";
    export WORKON_HOME="${WORKON_HOME:-"${__WRK}/-ve38"}"
}
_setup_xlck () 
{ 
    if [ -z "${__IS_MAC}" ]; then
        source "${__DOTFILES}/scripts/xlck.sh";
    fi
}
_shells () 
{ 
    _comp_compgen -a shells
}
_signals () 
{ 
    _comp_compgen_signals "$@"
}
_spectool () 
{ 
    COMPREPLY=();
    local i;
    for i in ${COMP_WORDS[@]};
    do
        [[ "$i" == -@(h|-help) ]] && return;
    done;
    local cur prev;
    _rpmdev_curprev "$2" "$3";
    case $prev in 
        -C | --directory)
            _filedir -d;
            return
        ;;
        -s | --source | -p | --patch | -d | --define)
            return
        ;;
    esac;
    if [[ "$cur" == -* ]]; then
        COMPREPLY=($(compgen -W '--list-files --get-files --help --all
                                   --sources --patches --source --patch
                                   --define --directory --sourcedir --dry-run
                                   --force --debug' -- "$cur"));
    else
        _filedir spec;
        _rpmdev_uniqargs;
    fi
}
_splitondashdash () 
{ 
    after_the_dashdash=;
    for arg in "${@}";
    do
        if [ "${arg}" == "--" ]; then
            after_the_dashdash=1;
            continue;
        fi;
        if [ -z "${after_the_dashdash}" ]; then
            export __SPLIT_BEFORE="${__SPLIT_BEFORE:+"${__SPLIT_BEFORE}"
}${arg}";
        else
            export __SPLIT_AFTER="${__SPLIT_AFTER:+"${__SPLIT_AFTER} "}${arg}";
        fi;
    done
}
_sysvdirs () 
{ 
    _comp_sysvdirs "$@"
}
_terms () 
{ 
    _comp_compgen -a terms
}
_test_lsvirtualenvs () 
{ 
    lsvirtualenvs;
    lsve;
    lsve -h | grep --color=auto -v "${WORKON_HOME}" || false;
    lsve --help
}
_tilde () 
{ 
    ! _comp_compgen -c "$1" tilde
}
_uids () 
{ 
    _comp_compgen_uids "$@"
}
_unsetup_appenginesdk () 
{ 
    if [ -n "${APPENGINESDK_PREFIX}" ]; then
        PATH_remove "${APPENGINESDK_PREFIX}";
    fi;
    unset APPENGINESDK_PREFIX
}
_unsetup_conda_path_all () 
{ 
    ( set -x;
    test -n "${CONDA_ROOT}" ) || return 2;
    PATH_remove "${CONDA_ROOT}/bin" > /dev/null 2>&1;
    if [ -n "${CONDA_ROOT__py27}" ]; then
        PATH_remove "${CONDA_ROOT__py27}/bin" > /dev/null 2>&1;
    fi;
    if [ -n "${CONDA_ROOT__py34}" ]; then
        PATH_remove "${CONDA_ROOT__py34}/bin" > /dev/null 2>&1;
    fi;
    if [ -n "${CONDA_ROOT__py35}" ]; then
        PATH_remove "${CONDA_ROOT__py35}/bin" > /dev/null 2>&1;
    fi;
    if [ -n "${CONDA_ROOT__py36}" ]; then
        PATH_remove "${CONDA_ROOT__py36}/bin" > /dev/null 2>&1;
    fi;
    if [ -n "${CONDA_ROOT__py37}" ]; then
        PATH_remove "${CONDA_ROOT__py37}/bin" > /dev/null 2>&1;
    fi;
    if [ -n "${CONDA_ROOT__py38}" ]; then
        PATH_remove "${CONDA_ROOT__py38}/bin" > /dev/null 2>&1;
    fi;
    if [ -n "${CONDA_ROOT__py39}" ]; then
        PATH_remove "${CONDA_ROOT__py39}/bin" > /dev/null 2>&1;
    fi;
    if [ -n "${CONDA_ROOT__py310}" ]; then
        PATH_remove "${CONDA_ROOT__py310}/bin" > /dev/null 2>&1;
    fi;
    if [ -n "${CONDA_ROOT__py311}" ]; then
        PATH_remove "${CONDA_ROOT__py311}/bin" > /dev/null 2>&1;
    fi;
    if [ -n "${CONDA_ROOT__py312}" ]; then
        PATH_remove "${CONDA_ROOT__py312}/bin" > /dev/null 2>&1;
    fi;
    declare -f 'dotfiles_status' > /dev/null 2>&1 && dotfiles_status;
    _conda_status
}
_unsetup_gcloudsdk () 
{ 
    unset GCLOUDSDK_PREFIX
}
_upvar () 
{ 
    echo "bash_completion: $FUNCNAME: deprecated function," "use _comp_upvars instead" 1>&2;
    if unset -v "$1"; then
        if (($# == 2)); then
            eval "$1"=\"\$2\";
        else
            eval "$1"=\(\"\$"{@:2}"\"\);
        fi;
    fi
}
_upvars () 
{ 
    _comp_upvars "$@"
}
_usb_ids () 
{ 
    _comp_compgen -a usb_ids
}
_user_at_host () 
{ 
    _comp_complete_user_at_host "$@"
}
_usergroup () 
{ 
    _comp_compgen_usergroups "$@"
}
_userland () 
{ 
    _comp_userland "$@"
}
_usrlog_append () 
{ 
    local cmd="${*}";
    local prefix="${VENVPREFIX:-${VIRTUAL_ENV}}";
    ( printf "#  %s\t%s\t%s\t%s\t%s\n" "$(date +%Y-%m-%dT%H:%M:%S%z)" "$(echo "${_TERM_ID}" | tr '	' ' ')" "$(echo "${prefix}" | tr '	' ' ')" "$(echo "${PWD}" | tr '	' ' ')" "$(echo "${cmd}" | tr '
' ' ')" ) >> "${_USRLOG:-${__USRLOG}}" 2> /dev/null;
    printf "%s\n" "$(echo "${cmd}" | sed 's|.*	$$	\(.*\)|#  \1|g')"
}
_usrlog_echo_paths () 
{ 
    _usrlog_set_usrlog_paths;
    printf '%s\n' "${_USRLOG_PATHS[@]}"
}
_usrlog_echo_title () 
{ 
    local title="${WINDOW_TITLE:+"$WINDOW_TITLE "}";
    local venvtitle="${_APP:-${VIRTUAL_ENV_NAME}}";
    if [ -n "${venvtitle}" ]; then
        title="($venvtitle) ${title}";
    fi;
    title="${title} ${USER}@${HOSTNAME}:${PWD}${venvtitle:+" - [${venvtitle^^}]"}";
    local USRLOG_WINDOW_TITLE=${title:-"$@"};
    if [ -n $CLICOLOR ]; then
        echo -ne "\033]0;${USRLOG_WINDOW_TITLE}\007";
    fi
}
_usrlog_get__TERM_ID () 
{ 
    echo "#  _TERM_ID="$_TERM_ID" # [ $_USRLOG ]" 1>&2;
    echo "$_TERM_ID"
}
_usrlog_get_prefix () 
{ 
    local prefix="${VENVPREFIX:-${VIRTUAL_ENV:-${HOME}}}";
    if [ "${prefix}" == "/" ]; then
        prefix=$HOME;
    fi;
    echo "$prefix"
}
_usrlog_grep_todo_fixme_xxx () 
{ 
    grep --color=auto --text -E -i '(todo|fixme|xxx)'
}
_usrlog_grep_todos () 
{ 
    grep --color=auto --text '$$''	''#\(TODO\|NOTE\|_MSG\)'
}
_usrlog_grep_venvs () 
{ 
    grep --color=auto -E ${@} '((we[c]?)|workon_venv|workon_conda|workon|mkvirtualenv|mkvirtualenv_conda|rmvirtualenv|rmvirtualenv_conda)[ ;]'
}
_usrlog_log_cmd_and_update_prompt () 
{ 
    _usrlog_log_cmd_and_update_prompt_setxstate=${-//[^x]/};
    set +x;
    _usrlog_writecmd;
    _usrlog_echo_title;
    if [[ -n "${_usrlog_log_cmd_and_update_prompt_setxstate}" ]]; then
        set -x;
    fi
}
_usrlog_parse_cmds () 
{ 
    local usrlog="${1}";
    sed 's,.*\t\$\$\t\(.*\),\1,g' ${usrlog:+"${usrlog}"}
}
_usrlog_parse_newstyle () 
{ 
    local usrlog="${1}";
    if [ -n "${usrlog}" ]; then
        if [ "${usrlog}" != "-" ]; then
            usrlog="-f ${usrlog}";
        fi;
    fi;
    pyline.py "${usrlog}" -m collections '[collections.OrderedDict((
            ("l", [l]),
            ("date", w[0].lstrip("#  ")),
            ("id", w[1]),
            ("path", w[2]),
            ("virtualenv", w[3]),
            ("histstr", w[4:]),
            ("histn", w[4].strip()),    #  int or {#NOTE, #TODO, #_MSG}
            ("histdate", (w[5] if len(w) > 5 else None)),
            ("histhostname", (w[6] if len(w) > 6 else None)),
            ("histuser", (w[7] if len(w) > 7 else None)),
            ("histcmd", (w[9:] if len(w) > 9 else None)),
            ))
            for w in [ line.split("\t", 9) ]
                if len(w) >= 4]' -O json
}
_usrlog_randstr () 
{ 
    if [[ `uname -s` == "Darwin" ]]; then
        echo "$(dd if=/dev/urandom bs=1 count=$1 2> /dev/null | base64 -b 0 | rev | cut -b 2- | tr '/+' '0' | rev)";
    else
        echo "$(dd if=/dev/urandom bs=1 count=$1 2> /dev/null | base64 -w 0 | rev | cut -b 2- | tr '/+' '0' | rev)";
    fi
}
_usrlog_set_HIST () 
{ 
    HISTSIZE=1000;
    HISTFILESIZE=1000000;
    HISTTIMEFORMAT="%t%Y-%m-%dT%H:%M:%S%z%t${HOSTNAME}%t${USER}%t\$\$%t";
    HISTCONTROL=ignoredups:ignorespace;
    _usrlog_set_HISTFILE;
    if [ -n "$ZSH_VERSION" ]; then
        setopt APPEND_HISTORY;
        setopt EXTENDED_HISTORY;
    else
        if [ -n "$BASH" ]; then
            history -a;
            shopt -s histappend > /dev/null 2>&1;
            shopt -s cmdhist > /dev/null 2>&1;
            shopt -s lithist > /dev/null 2>&1;
            shopt -s autocd > /dev/null 2>&1;
        fi;
    fi
}
_usrlog_set_HISTFILE () 
{ 
    local prefix="$(_usrlog_get_prefix)";
    if [ -n "${BASH}" ]; then
        history -a;
    fi;
    set HISTFILE;
    if [ -n "${ZSH_VERSION}" ]; then
        export HISTFILE="${prefix}/.zsh_history";
    else
        if [ -n "${BASH}" ]; then
            export HISTFILE="${prefix}/.bash_history";
        else
            export HISTFILE="${prefix}/.history";
        fi;
    fi;
    if [ -n "${BASH}" ]; then
        history -c && history -r "${HISTFILE}";
    fi
}
_usrlog_set__TERM_ID () 
{ 
    local new_term_id="${@}";
    if [ -z "${new_term_id}" ]; then
        new_term_id="#$(_usrlog_randstr 8)";
    fi;
    if [[ "${new_term_id}" != "${_TERM_ID}" ]]; then
        if [ -z "${_TERM_ID}" ]; then
            _usrlog_append "#ntid  _TERM_ID=\"${new_term_id}\"  #_USRLOG=\"${_USRLOG}\"";
        else
            _usrlog_append "#stid  _TERM_ID=\"${new_term_id}\"  #_TERM_ID__=\"${_TERM_ID}\"  #_USRLOG=\"${_USRLOG}\"";
        fi;
        export _TERM_ID="${new_term_id}";
        _usrlog_set_title;
    fi
}
_usrlog_set__USRLOG () 
{ 
    export __USRLOG="${HOME}/-usrlog.log";
    prefix="$(_usrlog_get_prefix)";
    export _USRLOG="${prefix}/-usrlog.log"
}
_usrlog_set_title () 
{ 
    export WINDOW_TITLE=${1:-"$_TERM_ID"};
    _usrlog_echo_title;
    declare -F '_setup_venv_prompt' 2>&1 > /dev/null && _setup_venv_prompt
}
_usrlog_set_usrlog_paths () 
{ 
    declare -ga _USRLOG_PATHS;
    declare -a _usrlog_paths;
    _USRLOG_PATHS=();
    _usrlog_paths=();
    _usrlog_paths+=("${_USRLOG}" "${__USRLOG}");
    test -n "${USRLOG_INCLUDE_LEGACYLOGS}" && _usrlog_paths+=(${WORKON_HOME}/*/.usrlog);
    test -n "${WORKON_HOME}" && _usrlog_paths+=(${WORKON_HOME}/*/-usrlog.log);
    test -n "${CONDA_ENVS_PATH}" && _usrlog_paths+=(${CONDA_ENVS_PATH}/*/-usrlog.log);
    test -z "${USRLOG_INCLUDE_ALLUSRLOGS}" && test -n "${__WRK}" && _usrlog_paths+=(${__WRK}/-*/*/-usrlog.log);
    declare -A uniques;
    for pth in "${_usrlog_paths[@]}";
    do
        exists=${uniques["${pth}"]};
        if [ -z "${exists}" ]; then
            uniques["${pth}"]="${pth}";
            _USRLOG_PATHS+=("${pth}");
        fi;
    done;
    export _USRLOG_PATHS
}
_usrlog_setup () 
{ 
    local _usrlog="${1:-$_USRLOG}";
    local term_id="${2:-$_TERM_ID}";
    _usrlog_set_HIST;
    _usrlog_set__USRLOG "$_usrlog";
    TERM_SED_STR='s/^\s*[0-9]*\s*//';
    _usrlog_set__TERM_ID "$term_id";
    touch "$_USRLOG";
    _usrlog_set_title "$_TERM_ID";
    if [ -n "$BASH" ]; then
        PROMPT_COMMAND="_usrlog_log_cmd_and_update_prompt";
    fi;
    if [ -n "$ZSH_VERSION" ]; then
        precmd_functions=(_usrlog_log_cmd_and_update_prompt);
    fi
}
_usrlog_tail () 
{ 
    local _args=${@};
    local _usrlog="${_USRLOG}";
    if [ -n "${_args}" ]; then
        for _arg in ${_args};
        do
            case "${_arg}" in 
                -*)
                    case "${_arg}" in 
                        -n)
                            shift;
                            local count=${1};
                            shift;
                            continue
                        ;;
                        -n*)
                            local count=${_arg#"-n"};
                            shift;
                            continue
                        ;;
                        -f)
                            local follow=1
                        ;;
                        -v)
                            shift;
                            local verbose=1
                        ;;
                        *)
                            echo "_arg: ${_arg}"
                        ;;
                    esac
                ;;
            esac;
        done;
        if [ -z $# ]; then
            _args=($_args "${_usrlog}");
        fi;
        ( set -x;
        tail ${_args[@]} "${_usrlog}" );
    else
        ( set -x;
        tail ${follow:+"-f"} "${_usrlog}" );
    fi
}
_usrlog_writecmd () 
{ 
    _usrlog_set_HISTFILE;
    if [ -n "$ZSH_VERSION" ]; then
        id 2>&1 > /dev/null;
        _cmd=$(fc -l -1 | sed -e "${TERM_SED_STR}");
    else
        if [ -n "$BASH" ]; then
            _cmd=$(history 1 | sed -e "${TERM_SED_STR}");
        else
            _cmd=$(history 1 | sed -e "${TERM_SED_STR}");
        fi;
    fi;
    _usrlog_append "${_cmd}"
}
_variables () 
{ 
    _comp_compgen_variables "$@"
}
_virtualenvs () 
{ 
    local cur="${COMP_WORDS[COMP_CWORD]}";
    COMPREPLY=($(compgen -W "`virtualenvwrapper_show_workon_options`" -- ${cur}))
}
_virtualenvwrapper_get_step_num () 
{ 
    step=${1};
    n="868";
    case ${step} in 
        "get_env_details")
            n="800"
        ;;
        "initialize")
            n="010"
        ;;
        "premkvirtualenv")
            n="120"
        ;;
        "postmkvirtualenv")
            n="129"
        ;;
        "precpvirtualenv")
            n="820"
        ;;
        "postcpvirtualenv")
            n="829"
        ;;
        "preactivate")
            n="230"
        ;;
        "postactivate")
            n="239"
        ;;
        "predeactivate")
            n="290"
        ;;
        "postdeactivate")
            n="299"
        ;;
        "prermvirtualenv")
            n="810"
        ;;
        "postrmvirtualenv")
            n="819"
        ;;
        "premkproject")
            n="140"
        ;;
        "postmkproject")
            n="149"
        ;;
    esac;
    echo "${n}"
}
_workon_conda_usage () 
{ 
    echo 'workon_conda [envname|envpath] [VENVSTRAPP] [CONDA_ENVS_PATH]

    Usage:

    # _setup_conda        # _setup_conda -h
    # mkcondaenv env123   # ~= CONDA_ENVS_PATH="..." conda create -n env123 -y

    _setup_conda
    workon_conda <TAB>     # lsve
    workon_conda env123
    wec env123
'
}
_xfunc () 
{ 
    _comp_xfunc "$@"
}
_xinetd_services () 
{ 
    _comp_compgen_xinetd_services "$@"
}
add () 
{ 
    local _file="${_add_file:-${DEFAULT_ADD_FILE:-"./add.log"}}";
    echo "${@}" >> "${_file?_add_file or $DEFAULT_ADD_FILE must be specified}"
}
add2virtualenv () 
{ 
    virtualenvwrapper_verify_workon_home || return 1;
    virtualenvwrapper_verify_active_environment || return 1;
    site_packages="`virtualenvwrapper_get_site_packages_dir`";
    if [ ! -d "${site_packages}" ]; then
        echo "ERROR: currently-active virtualenv does not appear to have a site-packages directory" 1>&2;
        return 1;
    fi;
    path_file="$site_packages/_virtualenv_path_extensions.pth";
    if [ "$*" = "" ]; then
        echo "Usage: add2virtualenv dir [dir ...]";
        if [ -f "$path_file" ]; then
            echo;
            echo "Existing paths:";
            cat "$path_file" | grep --color=auto -v "^import";
        fi;
        return 1;
    fi;
    remove=0;
    if [ "$1" = "-d" ]; then
        remove=1;
        shift;
    fi;
    if [ ! -f "$path_file" ]; then
        echo "import sys; sys.__plen = len(sys.path)" > "$path_file" || return 1;
        echo "import sys; new=sys.path[sys.__plen:]; del sys.path[sys.__plen:]; p=getattr(sys,'__egginsert',0); sys.path[p:p]=new; sys.__egginsert = p+len(new)" >> "$path_file" || return 1;
    fi;
    for pydir in "$@";
    do
        absolute_path="$(virtualenvwrapper_absolutepath "$pydir")";
        if [ "$absolute_path" != "$pydir" ]; then
            echo "Warning: Converting \"$pydir\" to \"$absolute_path\"" 1>&2;
        fi;
        if [ $remove -eq 1 ]; then
            sed -i.tmp "\:^$absolute_path$: d" "$path_file";
        else
            sed -i.tmp '1 a\
'"$absolute_path"'
' "$path_file";
        fi;
        rm -f "${path_file}.tmp";
    done;
    return 0
}
allvirtualenv () 
{ 
    virtualenvwrapper_verify_workon_home || return 1;
    typeset d;
    IFS='%';
    virtualenvwrapper_show_workon_options | while read d; do
        [ ! -d "$WORKON_HOME/$d" ] && continue;
        echo "$d";
        echo "$d" | sed 's/./=/g';
        ( source "$WORKON_HOME/$d/$VIRTUALENVWRAPPER_ENV_BIN_DIR/activate";
        virtualenvwrapper_cd "$VIRTUAL_ENV";
        "$@" );
        echo;
    done;
    unset IFS
}
b () 
{ 
    bg %"${1}"
}
backup_virtualenv () 
{ 
    local venvstr="${1}";
    local _date;
    _date="$(date +'%FT%T%z')";
    bkpdir="${2:-"${WORKON_HOME}/_venvbkps/${_date}"}";
    test -d "${bkpdir}" || mkdir -p "${bkpdir}";
    archivename="venvstrbkp.${venvstr}.${_date}.tar.gz";
    archivepath="${bkpdir}/${archivename}";
    ( cd "${WORKON_HOME}" || return;
    ( tar czf "${archivepath}" "${venvstr}" && echo "# archivename=${archivename}" ) || ( echo "err: ${venvstr} (${archivename})" 1>&2;
    return 2 ) );
    return $?
}
backup_virtualenvs () 
{ 
    date=$(date +'%FT%T%z');
    bkpdir=${1:-"${WORKON_HOME}/_venvbkps/${date}"};
    echo BKPDIR="${bkpdir}";
    test -d "${bkpdir}" || mkdir -p "${bkpdir}";
    lsvirtualenvs;
    venvs=$(lsvirtualenvs);
    ( cd "${WORKON_HOME}" || return;
    for venv in ${venvs};
    do
        backup_virtualenv "${venv}" "${bkpdir}" 2>> "${bkpdir}/venvbkps.err" | tee -a "${bkpdir}/venvbkps.list";
    done );
    cat "${bkpdir}/venvbkps.err";
    echo BKPDIR="${bkpdir}"
}
cda () 
{ 
    cdcondaenvspath $@
}
cdb () 
{ 
    cdbin $@
}
cdbin () 
{ 
    [ -z "$_BIN" ] && echo "_BIN is not set" && return 1;
    cd "$_BIN"${@:+"/${@}"}
}
cdce () 
{ 
    cdcondaenvspath $@
}
cdcondaenvspath () 
{ 
    [ -z "$CONDA_ENVS_PATH" ] && echo "CONDA_ENVS_PATH is not set" && return 1;
    cd "$CONDA_ENVS_PATH"${@:+"/${@}"}
}
cdcondaroot () 
{ 
    [ -z "$CONDA_ROOT" ] && echo "CONDA_ROOT is not set" && return 1;
    cd "$CONDA_ROOT"${@:+"/${@}"}
}
cdd () 
{ 
    cddotfiles $@
}
cddotfiles () 
{ 
    [ -z "$__DOTFILES" ] && echo "__DOTFILES is not set" && return 1;
    cd "$__DOTFILES"${@:+"/${@}"}
}
cde () 
{ 
    cdetc $@
}
cdetc () 
{ 
    [ -z "$_ETC" ] && echo "_ETC is not set" && return 1;
    cd "$_ETC"${@:+"/${@}"}
}
cdh () 
{ 
    cdhome $@
}
cdhome () 
{ 
    [ -z "$HOME" ] && echo "HOME is not set" && return 1;
    cd "$HOME"${@:+"/${@}"}
}
cdl () 
{ 
    cdlib $@
}
cdlib () 
{ 
    [ -z "$_LIB" ] && echo "_LIB is not set" && return 1;
    cd "$_LIB"${@:+"/${@}"}
}
cdlog () 
{ 
    [ -z "$_LOG" ] && echo "_LOG is not set" && return 1;
    cd "$_LOG"${@:+"/${@}"}
}
cdls () 
{ 
    set | grep --color=auto "^cd.*()" | cut -f1 -d" "
}
cdp () 
{ 
    cdprojecthome $@
}
cdph () 
{ 
    cdprojecthome $@
}
cdproject () 
{ 
    virtualenvwrapper_verify_workon_home || return 1;
    virtualenvwrapper_verify_active_environment || return 1;
    if [ -f "$VIRTUAL_ENV/$VIRTUALENVWRAPPER_PROJECT_FILENAME" ]; then
        typeset project_dir="$(cat "$VIRTUAL_ENV/$VIRTUALENVWRAPPER_PROJECT_FILENAME")";
        if [ ! -z "$project_dir" ]; then
            virtualenvwrapper_cd "$project_dir";
        else
            echo "Project directory $project_dir does not exist" 1>&2;
            return 1;
        fi;
    else
        echo "No project set in $VIRTUAL_ENV/$VIRTUALENVWRAPPER_PROJECT_FILENAME" 1>&2;
        return 1;
    fi;
    return 0
}
cdprojecthome () 
{ 
    [ -z "$PROJECT_HOME" ] && echo "PROJECT_HOME is not set" && return 1;
    cd "$PROJECT_HOME"${@:+"/${@}"}
}
cdpylib () 
{ 
    [ -z "$_PYLIB" ] && echo "_PYLIB is not set" && return 1;
    cd "$_PYLIB"${@:+"/${@}"}
}
cdpysite () 
{ 
    [ -z "$_PYSITE" ] && echo "_PYSITE is not set" && return 1;
    cd "$_PYSITE"${@:+"/${@}"}
}
cdr () 
{ 
    cdcondaroot $@
}
cds () 
{ 
    cdsrc $@
}
cdsitepackages () 
{ 
    cdpysite $@
}
cdsrc () 
{ 
    [ -z "$_SRC" ] && echo "_SRC is not set" && return 1;
    cd "$_SRC"${@:+"/${@}"}
}
cdv () 
{ 
    cdvirtualenv $@
}
cdvar () 
{ 
    [ -z "$_VAR" ] && echo "_VAR is not set" && return 1;
    cd "$_VAR"${@:+"/${@}"}
}
cdve () 
{ 
    cdworkonhome $@
}
cdvirtualenv () 
{ 
    [ -z "$VIRTUAL_ENV" ] && echo "VIRTUAL_ENV is not set" && return 1;
    cd "$VIRTUAL_ENV"${@:+"/${@}"}
}
cdw () 
{ 
    cdwrd $@
}
cdwh () 
{ 
    cdworkonhome $@
}
cdworkonhome () 
{ 
    [ -z "$WORKON_HOME" ] && echo "WORKON_HOME is not set" && return 1;
    cd "$WORKON_HOME"${@:+"/${@}"}
}
cdwrd () 
{ 
    [ -z "$_WRD" ] && echo "_WRD is not set" && return 1;
    cd "$_WRD"${@:+"/${@}"}
}
cdwrk () 
{ 
    [ -z "$__WRK" ] && echo "__WRK is not set" && return 1;
    cd "$__WRK"${@:+"/${@}"}
}
cdww () 
{ 
    cdwww $@
}
cdwww () 
{ 
    [ -z "$_WWW" ] && echo "_WWW is not set" && return 1;
    cd "$_WWW"${@:+"/${@}"}
}
check_help () 
{ 
    if [ "$1" = "-h" ] || [ "$1" = "-help" ] || [ "$1" = "--help" ]; then
        echo '';
        echo 's <bookmark_name> - Saves the current directory as "bookmark_name"';
        echo 'g <bookmark_name> - Goes (cd) to the directory associated with "bookmark_name"';
        echo 'p <bookmark_name> - Prints the directory associated with "bookmark_name"';
        echo 'd <bookmark_name> - Deletes the bookmark';
        echo 'l                 - Lists all available bookmarks';
        kill -SIGINT $$;
    fi
}
chmod-unumask () 
{ 
    path=$1;
    sudo find "${path}" -type f -exec chmod -v o+r {} \;;
    sudo find "${path}" -type d -exec chmod -v o+rx {} \;
}
chown-me () 
{ 
    ( set -x;
    chown -Rv "$(id -un)" "${@}" )
}
chown-me-mine () 
{ 
    ( set -x;
    chown -Rv "$(id -un):$(id -un)" "${@}";
    chmod -Rv go-rwx "${@}" )
}
chown-sme () 
{ 
    ( set -x;
    sudo chown -Rv "$(id -un)" "${@}" )
}
chown-sme-mine () 
{ 
    ( set -x;
    sudo chown -Rv "$(id -un):$(id -un)" "${@}";
    sudo chmod -Rv go-rwx "${@}" )
}
clr () 
{ 
    reset
}
cls () 
{ 
    clr;
    dotfiles_status
}
configure_TERM () 
{ 
    term=$1;
    if [ -n "${TERM}" ]; then
        __term=${TERM};
    fi;
    if [ -n "${term}" ]; then
        export TERM="${term}";
    else
        if [ -n "${TMUX}" ]; then
            export TERM="screen";
            configure_TERM_CLICOLOR;
        else
            if echo "$TERMCAP" | grep --color=auto -q screen; then
                export TERM="screen";
                configure_TERM_CLICOLOR;
            else
                if [ -n "${ZSH_TMUX_TERM}" ]; then
                    export TERM="${ZSH_TMUX_TERM}";
                    configure_TERM_CLICOLOR;
                fi;
            fi;
        fi;
    fi;
    if [ "${TERM}" != "${__term}" ]; then
        echo "# TERM='${__term}'";
        echo "TERM='${TERM}'";
    fi
}
configure_TERM_CLICOLOR () 
{ 
    export CLICOLOR=1;
    if [ -n "${CLICOLOR_256}" ]; then
        ( echo "$TERM" | grep --color=auto -v -q 256color ) && export TERM="${TERM}-256color";
    fi
}
cpvirtualenv () 
{ 
    virtualenvwrapper_verify_workon_home || return 1;
    virtualenvwrapper_verify_virtualenv_clone || return 1;
    typeset src_name="$1";
    typeset trg_name="$2";
    typeset src;
    typeset trg;
    if [ "$src_name" = "" ]; then
        echo "Please provide a valid virtualenv to copy.";
        return 1;
    else
        if [ ! -e "$WORKON_HOME/$src_name" ]; then
            src="$(virtualenvwrapper_expandpath "$src_name")";
            if [ ! -e "$src" ]; then
                echo "Please provide a valid virtualenv to copy.";
                return 1;
            fi;
            src_name="$(basename "$src")";
        else
            src="$WORKON_HOME/$src_name";
        fi;
    fi;
    if [ "$trg_name" = "" ]; then
        trg="$WORKON_HOME/$src_name";
        trg_name="$src_name";
    else
        trg="$WORKON_HOME/$trg_name";
    fi;
    trg="$(virtualenvwrapper_expandpath "$trg")";
    if [ -e "$trg" ]; then
        echo "$trg_name virtualenv already exists.";
        return 1;
    fi;
    echo "Copying $src_name as $trg_name...";
    ( [ -n "$ZSH_VERSION" ] && setopt SH_WORD_SPLIT;
    virtualenvwrapper_cd "$WORKON_HOME" && "$VIRTUALENVWRAPPER_VIRTUALENV_CLONE" "$src" "$trg";
    [ -d "$trg" ] && virtualenvwrapper_run_hook "pre_cpvirtualenv" "$src" "$trg_name" && virtualenvwrapper_run_hook "pre_mkvirtualenv" "$trg_name" );
    typeset RC=$?;
    [ $RC -ne 0 ] && return $RC;
    [ ! -d "$WORKON_HOME/$trg_name" ] && return 1;
    workon "$trg_name";
    virtualenvwrapper_run_hook "post_mkvirtualenv";
    virtualenvwrapper_run_hook "post_cpvirtualenv"
}
cs () 
{ 
    _conda_status
}
csc () 
{ 
    _conda_status_core
}
d () 
{ 
    check_help $1;
    _bookmark_name_valid "$@";
    if [ -z "$exit_message" ]; then
        _purge_line "$SDIRS" "export DIR_$1=";
        unset "DIR_$1";
    fi
}
deactivate () 
{ 
    typeset env_postdeactivate_hook;
    typeset old_env;
    virtualenvwrapper_run_hook "pre_deactivate";
    env_postdeactivate_hook="$VIRTUAL_ENV/$VIRTUALENVWRAPPER_ENV_BIN_DIR/postdeactivate";
    old_env=$(basename "$VIRTUAL_ENV");
    virtualenv_deactivate $1;
    virtualenvwrapper_run_hook "post_deactivate" "$old_env";
    if [ ! "$1" = "nondestructive" ]; then
        unset -f virtualenv_deactivate > /dev/null 2>&1;
        unset -f deactivate > /dev/null 2>&1;
    fi
}
debug_env () 
{ 
    _log=${_LOG:-"."};
    OUTPUT=${1:-"${_log}/$(date +"%FT%T%z").debug-env.env.log"};
    dotfiles_status;
    echo "## export";
    export | tee "$OUTPUT";
    echo "## alias";
    alias | tee "$OUTPUT"
}
debug_off () 
{ 
    set +x +v;
    shopt -s extdebug
}
debug_on () 
{ 
    set -x -v;
    shopt -s extdebug
}
deduplicate_lines () 
{ 
    local -A lines_ary;
    local line;
    local lines_ary_value;
    while IFS= read -r line; do
        lines_ary_value=${lines_ary["${line}"]};
        if [ -z "${lines_ary_value}" ]; then
            lines_ary["${line}"]="${line}";
            echo "${line}";
        fi;
    done;
    unset lines_ary line lines_ary_value
}
dequote () 
{ 
    local REPLY;
    _comp_dequote "$1";
    local rc=$?;
    printf %s "$REPLY";
    return $rc
}
detect_platform () 
{ 
    UNAME=$(uname);
    if [ "${UNAME}" == "Darwin" ]; then
        export __IS_MAC='true';
    else
        if [ "${UNAME}" == "Linux" ]; then
            export __IS_LINUX='true';
        fi;
    fi
}
dotfiles_add_path () 
{ 
    if [ -d "${__DOTFILES}" ]; then
        PATH_prepend "${__DOTFILES}/scripts";
    fi
}
dotfiles_initialize () 
{ 
    log_dotfiles_state 'initialize'
}
dotfiles_main () 
{ 
    dotfiles_reload
}
dotfiles_postactivate () 
{ 
    log_dotfiles_state 'postactivate';
    local bash_debug_output;
    bash_debug_output=$("$__VENV" -e --verbose --diff --print-bash /dev/null 2>&1);
    local venv_return_code=$?;
    if [ ${venv_return_code} -eq 0 ]; then
        if [ -n "${__VENV}" ]; then
            source <("$__VENV" -e --print-bash);
        fi;
    else
        echo "${bash_debug_output}";
    fi;
    declare -f '_setup_usrlog' > /dev/null 2>&1 && _setup_usrlog;
    declare -f '_setup_venv_prompt' > /dev/null 2>&1 && _setup_venv_prompt
}
dotfiles_postdeactivate () 
{ 
    log_dotfiles_state 'postdeactivate';
    unset VIRTUAL_ENV;
    unset VIRTUAL_ENV_NAME;
    unset VENVSTR;
    unset VENVSTRAPP;
    unset VENVPREFIX;
    unset _APP;
    unset _BIN;
    unset _CFG;
    unset _EDITCFG_;
    export EDITOR_="${EDITOR}";
    unset _EDIT_;
    unset _ETC;
    unset _ETCOPT;
    unset _HOME;
    unset _IPQTLOG;
    unset _IPSESSKEY;
    unset _LIB;
    unset _LOG;
    unset _MEDIA;
    unset _MNT;
    unset _NOTEBOOKS;
    unset _OPT;
    unset _PYLIB;
    unset _PYSITE;
    unset _ROOT;
    unset _SBIN;
    unset _SERVE_;
    unset _SHELL_;
    unset _SRC;
    unset _SRV;
    unset _SVCFG;
    unset _SVCFG_;
    unset _TEST_;
    unset _TMP;
    unset _USR;
    unset _USRBIN;
    unset _USRINCLUDE;
    unset _USRLIB;
    unset _USRLOCAL;
    unset _USRLOG;
    unset _USRSBIN;
    unset _USRSHARE;
    unset _USRSRC;
    unset _VAR;
    unset _VARCACHE;
    unset _VARLIB;
    unset _VARLOCK;
    unset _VARMAIL;
    unset _VAROPT;
    unset _VARRUN;
    unset _VARSPOOL;
    unset _VARTMP;
    unset _VENV;
    unset _WRD;
    unset _WRD_SETUPY;
    unset _WWW;
    declare -f '_usrlog_set__USRLOG' > /dev/null 2>&1 && _usrlog_set__USRLOG "${__USRLOG}";
    dotfiles_reload
}
dotfiles_postmkvirtualenv () 
{ 
    log_dotfiles_state 'postmkvirtualenv';
    if [ -z "${VIRTUAL_ENV}" ]; then
        echo 'VIRTUAL_ENV is not set? (err: 2) [dotfiles_postmkvirtualenv]';
        echo 'we <name>; venv_mkdirs; mkdir -p "$_WRD"';
        return 2;
    fi;
    VIRTUAL_ENV_NAME="${VIRTUAL_ENV_NAME:-"$(basename "${VIRTUAL_ENV}")"}";
    ( set -x;
    venv_mkdirs );
    local _LOG="${_LOG:-"${VIRTUAL_ENV}/var/log"}";
    ( set -x;
    test -d "${_LOG}" || mkdir -p "${_LOG}" );
    echo "";
    local PIP;
    PIP="$(command -v pip)";
    echo "PIP=$(shell_escape_single "${PIP}")";
    pip_freeze="${_LOG}/pip.freeze.postmkvirtualenv.txt";
    echo "#pip_freeze=$(shell_escape_single "${pip_freeze}")";
    ( set -x;
    ${PIP} freeze --all | tee "${pip_freeze}" );
    echo "";
    pip_list="${_LOG}/pip.list.postmkvirtualenv.txt";
    echo "#pip_list=$(shell_escape_single "${pip_list}")";
    ( set -x;
    ${PIP} list | tee "${pip_list}" );
    echo "";
    if [ -n "${IS_CONDA_ENV}" ]; then
        conda_list="${_LOG}/conda.list.no-pip.postmkvirtualenv.txt";
        echo "#conda_list=$(shell_escape_single "${conda_list}")";
        ( set -x;
        conda list -e --no-pip | tee "${conda_list}" );
        conda_environment_yml="${_LOG}/conda.environment.postmkvirtualenv.yml";
        echo "#conda_environment_yml=$(shell_escape_single "${conda_environment_yml}")";
        ( set -x;
        conda env export | grep --color=auto -Ev '^(name|prefix): ' | tee "${conda_environment_yml}" );
        conda_environment_fromhistory_yml="${_LOG}/conda.environment.from-history.postmkvirtualenv.yml";
        echo "#conda_environment_fromhistory_yml=$(shell_escape_single "${conda_environment_fromhistory_yml}")";
        ( set -x;
        conda env export --from-history | grep --color=auto -Ev '^(name|prefix): ' | tee "${conda_environment_yml}" );
        echo '## to work on this condaenv:';
        echo 'workon_conda '"${VIRTUAL_ENV_NAME}"'; venv_mkdirs; mkdir -p "${_WRD}"; cdw';
        echo '+ workon_conda '"'${VIRTUAL_ENV_NAME}' '${VIRTUAL_ENV_NAME}' ${_conda_envs_path:+"${_conda_envs_path}"}";
        workon_conda "${VIRTUAL_ENV_NAME}" "${VIRTUAL_ENV_NAME}" ${_conda_envs_path:+"${_conda_envs_path}"};
        echo '## to list packages installed into this condaenv with conda:';
        echo '$ conda env export --from-history | grep -Ev "^(name|prefix): "';
        echo '#';
    else
        echo '## to work on this virtualenv:';
        echo 'workon_venv '"${VIRTUAL_ENV_NAME}"'; venv_mkdirs; mkdir -p "${_WRD}"; cdw';
        echo '+ workon_venv '"${VIRTUAL_ENV_NAME}";
        workon_venv "${VIRTUAL_ENV_NAME}";
    fi;
    echo "PWD=$(path)";
    echo "#";
    dotfiles_postmkvirtualenv_help
}
dotfiles_postmkvirtualenv_help () 
{ 
    echo '# __DOTFILES/etc/bash/10-bashrc.venv.sh sources venv.sh';
    if [ -z "${IS_CONDA_ENV}" ]; then
        echo '# __DOTFILES/etc/bash/10-bashrc.venv.sh defines workon_venv';
        echo "## to work on this virtualenv:";
        echo "# workon_venv <venvstr> [<venvappstr> [<pyver>]]";
        echo "# we          <venvstr> [<venvappstr> [<pyver>]]";
        echo "$ we '${VIRTUAL_ENV_NAME}'";
    else
        _conda_envs_path=${_conda_envs_path};
        echo '# __DOTFILES/etc/bash/08-bashrc.conda.sh defines workon_conda';
        echo "## to work on this condaenv:";
        echo "# workon_conda <venvstr> [<venvappstr> [<pyver>]]";
        echo "# wec          <venvstr> [<venvappstr> [<pyver>]]";
        echo "$ wec '${VIRTUAL_ENV_NAME}' '${VIRTUAL_ENV_NAME}' '${_conda_envs_path}'";
    fi;
    echo '#   dotfiles_status                    # ds';
    echo '#   source <(venv.py -e --print-bash)  # venv.py -h';
    echo '$ venv_mkdirs  # already done in dotfiles_postmkvirtualenv   ';
    echo '$ mkdir -p "$_WRD"';
    echo '$ cdwrd; cdw';
    echo '# editwrd README; ewrd README; ew README Makefile  # edit<tab>';
    echo '# cdhelp;; cdvirtualenv; cdv;; cdbin; cdb;; cdetc; cde;; cdsrc; cds;; cdwrd; cdw'
}
dotfiles_preactivate () 
{ 
    log_dotfiles_state 'preactivate'
}
dotfiles_predeactivate () 
{ 
    log_dotfiles_state 'predeactivate'
}
dotfiles_premkvirtualenv () 
{ 
    true
}
dotfiles_reload () 
{ 
    echo "#";
    echo "# dotfiles_reload()";
    export __WRK="${__WRK:-"${HOME}/-wrk"}";
    if [ -n "${__DOTFILES}" ]; then
        export __DOTFILES="${__DOTFILES}";
    else
        _dotfiles_src="${WORKON_HOME}/dotfiles/src/dotfiles";
        _dotfiles_link="${HOME}/-dotfiles";
        if [ -d "${_dotfiles_link}" ]; then
            __DOTFILES="${_dotfiles_link}";
        else
            if [ -d "${_dotfiles_src}" ]; then
                __DOTFILES="${_dotfiles_src}";
            fi;
        fi;
        export __DOTFILES="${__DOTFILES}";
    fi;
    conf="${__DOTFILES}/etc/bash";
    source "${conf}/01-bashrc.lib.sh";
    source "${conf}/02-bashrc.platform.sh";
    detect_platform;
    if [ -n "${__IS_MAC}" ]; then
        PATH="$(echo "${PATH}" | sed 's,/usr/bin:/bin:/usr/sbin:/sbin:/usr/local/bin,/usr/sbin:/sbin:/bin:/usr/local/bin:/usr/bin,')";
        export PATH;
        source "${conf}/03-bashrc.darwin.sh";
    fi;
    source "${conf}/04-bashrc.TERM.sh";
    source "${conf}/05-bashrc.dotfiles.sh";
    dotfiles_add_path;
    source "${conf}/06-bashrc.completion.sh";
    source "${conf}/07-bashrc.python.sh";
    source "${conf}/08-bashrc.conda.sh";
    source "${conf}/07-bashrc.virtualenvwrapper.sh";
    source "${conf}/08-bashrc.gcloud.sh";
    source "${conf}/10-bashrc.venv.sh";
    source "${conf}/11-bashrc.venv.pyramid.sh";
    source "${conf}/20-bashrc.editor.sh";
    source "${conf}/29-bashrc.vimpagers.sh";
    source "${conf}/30-bashrc.usrlog.sh";
    source "${conf}/30-bashrc.xlck.sh";
    source "${conf}/40-bashrc.aliases.sh";
    source "${conf}/42-bashrc.commands.sh";
    source "${conf}/50-bashrc.bashmarks.sh";
    source "${conf}/70-bashrc.repos.sh";
    source "${conf}/99-bashrc.after.sh"
}
dotfiles_status () 
{ 
    echo "# dotfiles_status()";
    echo HOSTNAME="$(shell_escape_single "${HOSTNAME}")";
    echo USER="$(shell_escape_single "${USER}")";
    echo __WRK="$(shell_escape_single "${__WRK}")";
    echo PROJECT_HOME="$(shell_escape_single "${PROJECT_HOME}")";
    if [ -n "${CONDA_ROOT}" ]; then
        echo CONDA_ROOT="$(shell_escape_single "${CONDA_ROOT}")";
    fi;
    if [ -n "${CONDA_ENVS_PATH}" ]; then
        echo CONDA_ENVS_PATH="$(shell_escape_single "${CONDA_ENVS_PATH}")";
    fi;
    echo WORKON_HOME="$(shell_escape_single "${WORKON_HOME}")";
    echo VIRTUAL_ENV_NAME="$(shell_escape_single "${VIRTUAL_ENV_NAME}")";
    echo VIRTUAL_ENV="$(shell_escape_single "${VIRTUAL_ENV}")";
    echo _SRC="$(shell_escape_single "${_SRC}")";
    echo _APP="$(shell_escape_single "${_APP}")";
    echo _WRD="$(shell_escape_single "${_WRD}")";
    echo _USRLOG="$(shell_escape_single "${_USRLOG}")";
    echo _TERM_ID="$(shell_escape_single "${_TERM_ID}")";
    echo PATH="$(shell_escape_single "${PATH}")";
    echo __DOTFILES="$(shell_escape_single "${__DOTFILES}")";
    echo "#";
    if [ -n "${_TODO}" ]; then
        echo _TODO="$(shell_escape_single "${_TODO}")";
    fi;
    if [ -n "${_NOTE}" ]; then
        echo _NOTE="$(shell_escape_single "${_NOTE}")";
    fi;
    if [ -n "${_MSG}" ]; then
        echo _MSG="$(shell_escape_single "${_MSG}")";
    fi;
    echo '##'
}
dr () 
{ 
    dotfiles_reload
}
ds () 
{ 
    dotfiles_status
}
dx () 
{ 
    ( declare -f 'deactivate' > /dev/null 2>&1 && deactivate ) || ( declare -f 'dotfiles_postdeactivate' > /dev/null 2>&1 && dotfiles_postdeactivate )
}
echo_args () 
{ 
    echo "$@"
}
echo_conda_envs_paths () 
{ 
    local envs_paths=("${CONDA_ENVS_PATH}" "${CONDA_ENVS__py27}" "${CONDA_ENVS__py34}" "${CONDA_ENVS__py35}" "${CONDA_ENVS__py36}" "${CONDA_ENVS__py37}" "${CONDA_ENVS__py38}" "${CONDA_ENVS__py39}" "${CONDA_ENVS__py310}" "${CONDA_ENVS__py311}" "${CONDA_ENVS__py312}");
    if [ "$(echo "${envs_paths[*]}" | sed 's/ //g')" == "" ]; then
        echo '' 1>&2;
        echo 'Error: $CONDA_ENVS_PATH is not set' 1>&2;
        return 1;
    fi;
    printf '%s\n' "${envs_paths[@]}" | deduplicate_lines
}
edit_grin_w () 
{ 
    edit $(grinw -l "$@")
}
edit_grind_wrd () 
{ 
    ( IFS='\n' edit $(grind "${@}" --follow --dirs "${_WRD}") );
    grindw "${@}" | el -v -e
}
editcfg () 
{ 
    e "${_CFG}"
}
editdotfiles () 
{ 
    ( cd "${__DOTFILES}";
    e "${@}" );
    return
}
editetc () 
{ 
    ( cd "${_ETC}";
    e "${@}" );
    return
}
edits () 
{ 
    servername=$1;
    shift;
    ${GUIVIMBIN} --servername "${servername}" --remote-tab "${@}"
}
editsrc () 
{ 
    ( cd "${_SRC}";
    e "${@}" );
    return
}
editvirtualenv () 
{ 
    ( cd "${VIRTUAL_ENV}";
    e "${@}" );
    return
}
editworkonhome () 
{ 
    ( cd "${WORKON_HOME}";
    e "${@}" );
    return
}
editwrd () 
{ 
    ( cd "${_WRD}";
    e "${@}" );
    return
}
editwrk () 
{ 
    ( cd "${__WRK}";
    e "${@}" );
    return
}
editwww () 
{ 
    ( cd "${_WWW}";
    e "${@}" );
    return
}
edotfiles () 
{ 
    editdotfiles "${@}";
    return
}
eetc () 
{ 
    editetc "${@}";
    return
}
egitstatus () 
{ 
    git status --short | sed 's/^ .* //' | xargs e
}
egw () 
{ 
    edit_grin_w "$@"
}
ensure_mkdir () 
{ 
    path=$1;
    test -d "${path}" || mkdir -p "${path}"
}
ensure_symlink () 
{ 
    _from=$1;
    _to=$2;
    _date=${3:-$(date +%FT%T%z)};
    if [ -s "${_from}" ]; then
        _to_path=$(realpath "$_to");
        _from_path=$(realpath "$_from");
        if [ "$_to_path" == "$_from_path" ]; then
            printf "%s already points to %s" "$_from" "$_to";
        else
            printf "%s points to %s" "$_from" "$_to";
            mv -v "${_from}" "${_from}.bkp.${_date}";
            ln -v -s "${_to}" "${_from}";
        fi;
    else
        if [ -e "${_from}" ]; then
            printf "%s exists" "${_from}";
            mv -v "${_from}" "${_from}.bkp.${_date}";
            ln -v -s "${_to}" "${_from}";
        else
            ln -v -s "$_to" "$_from";
        fi;
    fi
}
es () 
{ 
    editsrc "${@}";
    return
}
esrc () 
{ 
    editsrc "${@}";
    return
}
ev () 
{ 
    editvirtualenv "${@}";
    return
}
evirtualenv () 
{ 
    editvirtualenv "${@}";
    return
}
ew () 
{ 
    editwrd "${@}";
    return
}
ewh () 
{ 
    editworkonhome "${@}";
    return
}
eworkonhome () 
{ 
    editworkonhome "${@}";
    return
}
ewrd () 
{ 
    editwrd "${@}";
    return
}
ewrk () 
{ 
    editwrk "${@}";
    return
}
ewww () 
{ 
    editwww "${@}";
    return
}
f () 
{ 
    fg %"${1}"
}
fixperms () 
{ 
    __PATH=$1;
    sudo chown -R hg:hgweb "$__PATH";
    sudo chmod -R g+rw "$__PATH"
}
function_exists () 
{ 
    declare -f $1 2>&1 > /dev/null;
    return $?
}
g () 
{ 
    check_help $1;
    source $SDIRS;
    target="$(eval $(echo echo $(echo \$DIR_$1)))";
    if [ -d "$target" ]; then
        cd "$target";
    else
        if [ ! -n "$target" ]; then
            echo -e "\033[${RED}WARNING: '${1}' bashmark does not exist\033[00m";
        else
            echo -e "\033[${RED}WARNING: '${target}' does not exist\033[00m";
        fi;
    fi
}
gac () 
{ 
    git_add_commit "${@}"
}
gc () 
{ 
    git_commit "${@}"
}
ggvim () 
{ 
    ${EDITOR} "${@}" > /dev/null 2>&1
}
git_add_commit () 
{ 
    ( set -x;
    msg="${1}";
    shift;
    files=("${@}");
    git add "${files[@]}";
    git commit "${files[@]}" -m "${msg}" && git log -n1 --stat --decorate=full --color=always )
}
git_add_commit_msg () 
{ 
    git_add_commit "${_MSG}" "${@}";
    msg -
}
git_commit () 
{ 
    ( set -x;
    msg="${1}";
    shift;
    files=("${@}");
    git commit "${files[@]}" -m "${msg}" && git log -n1 --stat --decorate=full --color=always )
}
git_commit_msg () 
{ 
    git_commit "${_MSG}" "${@}";
    msg -
}
gitpager () 
{ 
    export GIT_PAGER="${1:-${GIT_PAGER:-${GIT_PAGER_DEFAULT}}}";
    if [ "${GIT_PAGER}" == "" ]; then
        unset GIT_PAGER;
    fi;
    echo "GIT_PAGER=$(shell_escape_single "${GIT_PAGER}")"
}
gitw () 
{ 
    git -C "${_WRD}" "${@}"
}
grince () 
{ 
    grin --follow "$@" "${CONDA_ENVS_PATH}"
}
grincr () 
{ 
    grin --follow "$@" "${CONDA_ROOT}"
}
grindce () 
{ 
    grind --follow "$@" --dirs "${CONDA_ENVS_PATH}"
}
grindcr () 
{ 
    grind --follow "$@" --dirs "${CONDA_ROOT}"
}
grindctags () 
{ 
    local ctagsbin=;
    local path=${1:-'.'};
    shift;
    if [ -n "${__IS_MAC}" ]; then
        if [ -x "/usr/local/bin/ctags" ]; then
            ctagsbin="/usr/local/bin/ctags";
        else
            ctagsbin=$(which ctags);
        fi;
    else
        ctagsbin=$(which ctags);
    fi;
    ( set -x -v;
    cd "${path}";
    grind --follow "${@}" --dirs "${path}" | grep --color=auto -v 'min.js$' | ${ctagsbin} -L - 2> "${path}/tags.err" && wc -l "${path}/tags.err";
    ls --color=auto -alhtr "${path}/tags"* )
}
grindctagsssrc () 
{ 
    grindctags "${_SRC}"
}
grindctagssys () 
{ 
    grindctags "${_WRD}" "--sys-path"
}
grindctagswrd () 
{ 
    grindctags "${_WRD}"
}
grindph () 
{ 
    grind --follow "$@" --dirs "${PROJECT_HOME}"
}
grinds () 
{ 
    grind --follow "$@" --dirs "${_SRC}"
}
grindv () 
{ 
    grind --follow "$@" --dirs "${VIRTUAL_ENV}"
}
grindw () 
{ 
    grind --follow $@ --dirs "${_WRD}"
}
grindwh () 
{ 
    grind --follow "$@" --dirs "${WORKON_HOME}"
}
grindwrk () 
{ 
    grind --follow "$@" --dirs "${__WRK}"
}
grinph () 
{ 
    grin --follow "$@" "${PROJECT_HOME}"
}
grins () 
{ 
    grin --follow "$@" "${_SRC}"
}
grinv () 
{ 
    grin --follow "$@" "${VIRTUAL_ENV}"
}
grinw () 
{ 
    grin --follow "$@" "${_WRD}"
}
grinwh () 
{ 
    grin --follow "$@" "${WORKON_HOME}"
}
grinwrk () 
{ 
    grin --follow "$@" "${__WRK}"
}
hgac () 
{ 
    local msg=${1:-""};
    shift;
    local files=("${@}");
    hg diff "${files[@]}";
    if [ -n "${msg}" ]; then
        hg commit -m "${msg}" "${files[@]}";
    else
        echo 'No message specified in $1, not comitting';
    fi
}
j () 
{ 
    jobs
}
killjob () 
{ 
    kill %"${1}"
}
l () 
{ 
    check_help $1;
    source $SDIRS;
    env | sort | awk '/DIR_.+/{split(substr($0,5),parts,"="); printf("\033[0;33m%-20s\033[0m %s\n", parts[1], parts[2]);}'
}
lesse () 
{ 
    "${GUIVIMBIN}" --servername "${VIRTUAL_ENV_NAME:-"/"}" --remote-tab "${@}"
}
lessg () 
{ 
    VIMBIN="${GUIVIMBIN}" lessv "${@}"
}
lessv () 
{ 
    if [ -t 1 ]; then
        if [ $# -eq 0 ]; then
            if [ -n "$VIMPAGER_SYNTAX" ]; then
                "${VIMBIN}" --cmd "let g:tinyvim=1" --cmd "runtime! macros/less.vim" --cmd "set nomod" --cmd "set noswf" -c "set colorcolumn=0" -c "map <C-End> <Esc>G" -c "set syntax=${VIMPAGER_SYNTAX}" -c "set cursorline nocursorcolumn" -;
            else
                "${VIMBIN}" --cmd "let g:tinyvim=1" --cmd "runtime! macros/less.vim" --cmd "set nomod" --cmd "set noswf" -c "set colorcolumn=0" -c "map <C-End> <Esc>G" -c "set cursorline nocursorcolumn" -;
            fi;
        else
            if [ -n "$VIMPAGER_SYNTAX" ]; then
                "${VIMBIN}" --cmd "let g:tinyvim=1" --cmd "runtime! macros/less.vim" --cmd "set nomod" --cmd "set noswf" -c "set colorcolumn=0" -c "map <C-End> <Esc>G" -c "set syntax=${VIMPAGER_SYNTAX}" -c "set cursorline nocursorcolumn" "${@}";
            else
                "${VIMBIN}" --cmd "let g:tinyvim=1" --cmd "runtime! macros/less.vim" --cmd "set nomod" --cmd "set noswf" -c "set colorcolumn=0" -c "map <C-End> <Esc>G" -c "set cursorline nocursorcolumn" "${@}";
            fi;
        fi;
    else
        if [ $# -eq 0 ]; then
            less;
        else
            less "${@}";
        fi;
    fi
}
lightpath () 
{ 
    echo '';
    echo "$PATH" | tr ':' '\n'
}
log_dotfiles_state () 
{ 
    test -n "${DOTFILES_SKIP_LOG}" && echo '#DOTFILES_SKIP_LOG' && return;
    _log=${_LOG:-"${HOME}/var/log"};
    if [ "${_log}" == "/var/log" ]; then
        _log="${HOME}/var/log";
    fi;
    logkey=${1:-'log_dotfiles_state'};
    stepnum="$(_virtualenvwrapper_get_step_num "${logkey}")";
    logdir=${_log:-"var/log"}/venv..${VIRTUAL_ENV_NAME}..${stepnum}..${logkey};
    exportslogfile=${logdir}/exports.log;
    envlogfile=${logdir}/exports_env.log;
    test -n "${logdir}" && mkdir -p "${logdir}";
    export > "${exportslogfile}";
    set > "${envlogfile}"
}
lsbashmarks () 
{ 
    export -p | grep --color=auto -E 'DIR_\w+="' | pyline "line[15:].replace('\"','').split('=',1)"
}
lsce () 
{ 
    lscondaenvs "${@}"
}
lscondaenvs () 
{ 
    _conda_status 1>&2;
    while IFS= read -r line; do
        if [ -n "${line}" ]; then
            ( set -x;
            find "${line}" -mindepth 1 -maxdepth 1 -type d );
        fi;
    done < <(echo_conda_envs_paths) | sort
}
lspath () 
{ 
    echo "# PATH=$PATH";
    lightpath | sed 's/\(.*\)/# \1/g';
    echo '#';
    cmd=${1:-'ls -ald'};
    for f in $(lightpath);
    do
        echo "# $f";
        ${cmd} "$f/"*;
        echo '#';
    done
}
lspath_less () 
{ 
    if [ -n "${__IS_MAC}" ]; then
        cmd=${1:-'ls -ald -G'};
    else
        cmd=${1:-'ls -ald --color=always'};
    fi;
    lspath "${cmd}" | less -R
}
lssitepackages () 
{ 
    virtualenvwrapper_verify_workon_home || return 1;
    virtualenvwrapper_verify_active_environment || return 1;
    typeset site_packages="`virtualenvwrapper_get_site_packages_dir`";
    ls --color=auto $@ "$site_packages";
    path_file="$site_packages/_virtualenv_path_extensions.pth";
    if [ -f "$path_file" ]; then
        echo;
        echo "_virtualenv_path_extensions.pth:";
        cat "$path_file";
    fi
}
lsusrlogs () 
{ 
    lsusrlogs_date_desc "${@}"
}
lsusrlogs_date_asc () 
{ 
    _usrlog_set_usrlog_paths;
    ls --color=auto -t "${_USRLOG_PATHS[@]}" "${@}" 2> /dev/null
}
lsusrlogs_date_desc () 
{ 
    _usrlog_set_usrlog_paths;
    ls --color=auto -tr "${_USRLOG_PATHS[@]}" "${@}" 2> /dev/null
}
lsve () 
{ 
    lsvirtualenvs "${@}"
}
lsvenv () 
{ 
    venv_ls "${@}"
}
lsvirtualenv () 
{ 
    typeset long_mode=true;
    if command -v "getopts" > /dev/null 2>&1; then
        OPTIND=1;
        while getopts ":blh" opt "$@"; do
            case "$opt" in 
                l)
                    long_mode=true
                ;;
                b)
                    long_mode=false
                ;;
                h)
                    _lsvirtualenv_usage;
                    return 1
                ;;
                ?)
                    echo "Invalid option: -$OPTARG" 1>&2;
                    _lsvirtualenv_usage;
                    return 1
                ;;
            esac;
        done;
    else
        typeset -a args;
        args=($(getopt blh "$@"));
        if [ $? != 0 ]; then
            _lsvirtualenv_usage;
            return 1;
        fi;
        for opt in $args;
        do
            case "$opt" in 
                -l)
                    long_mode=true
                ;;
                -b)
                    long_mode=false
                ;;
                -h)
                    _lsvirtualenv_usage;
                    return 1
                ;;
            esac;
        done;
    fi;
    if $long_mode; then
        allvirtualenv showvirtualenv "$env_name";
    else
        virtualenvwrapper_show_workon_options;
    fi
}
lsvirtualenvs () 
{ 
    _WORKON_HOME=;
    __SPLIT_BEFORE=;
    __SPLIT_AFTER=;
    _splitondashdash "${@}";
    _next_arg_is_workon_home=;
    _print_venv_basename=;
    _print_venv_path=;
    while IFS='
' read -r arg; do
        if [ -n "${_next_arg_is_workon_home}" ]; then
            _WORKON_HOME="${arg}";
            echo "WORKON_HOME=$(shell_escape_single "${_WORKON_HOME}")" 1>&2;
            _next_arg_is_workon_home=;
            continue;
        fi;
        if [ -n "${arg}" ]; then
            case "${arg}" in 
                -h | --help)
                    lsvirtualenvs_print_usage;
                    return
                ;;
                --WORKON_HOME | --wh)
                    _next_arg_is_workon_home=1
                ;;
                -b | --basename | --brief)
                    _print_venv_basename=1
                ;;
                -p | --path | -l)
                    _print_venv_path=1
                ;;
                *)
                    echo "Unhandled arg in __SPLIT_BEFORE: $(shell_escape_single ${arg})"
                ;;
            esac;
        fi;
    done < <(echo "${__SPLIT_BEFORE}");
    _CMD="${__SPLIT_AFTER}";
    if [ -z "${_WORKON_HOME}" ]; then
        _WORKON_HOME="${WORKON_HOME}";
        echo "WORKON_HOME=$(shell_escape_single "${_WORKON_HOME}")" 1>&2;
    fi;
    for _VIRTUAL_ENV in $(find "${_WORKON_HOME}" -mindepth 1 -maxdepth 1 -type d -or -type l);
    do
        if [ -n "${_CMD}" ]; then
            ${_CMD} "${_VIRTUAL_ENV}";
        else
            if [ -n "${_print_venv_basename}" ]; then
                basename "${_VIRTUAL_ENV}";
            else
                if [ -n "${_print_venv_path}" ]; then
                    echo "${_VIRTUAL_ENV}";
                else
                    echo "${_VIRTUAL_ENV}";
                fi;
            fi;
        fi;
    done
}
lsvirtualenvs_print_usage () 
{ 
    echo 'lsvirtualenvs [-h] [-b|-p] [--wh <$WORKON_HOME>] [-x <command>] [-- <command>]

List virtualenvs in $WORKON_HOME

 -h/--help              print this help text to stdout

 -p/--path/-l           print the full path to each virtualenv
                        with the WORKON_HOME prefix
 -b/--brief/--basename  print only the name of each virtualenv
                        without the WORKON_HOME prefix

  --wh/--WORKON_HOME    Set WORKON_HOME=

## Usage
virtualenvwrapper manages virtualenvs/venvs in $WORKON_HOME.

```
mkvirtualenv      --help     #  pip install virtualenvwrapper
virtualenvwrapper --help     #  apt-get install -y python3-virtualenvwrapper
lsvirtualenv      --help     #  dnf install -y python3-virtualenvwrapper
lsvirtualenvs --help
lsve          --help
```

```
export WORKON_HOME="${HOME}/.virtualenvs"; mkdir -p "${WORKON_HOME}"
mkvirtualenv env123; deactivate
mkvirtualenv env345; deactivate
lsve
lsve -b      # --brief          #  env123\nenv345\n
lsve -l      # --path/--long    #  /workon/home/env123\n/workon/home/env345\n
lsve -p      # --path/--long    #  /workon/home/env123\n/workon/home/env345\n
lsve --path  # -p               #  /workon/home/env123\n/workon/home/env345\n
lsve --wh ./other/workon_home/   #  WORKON_HOME=./other/workon_home/
```
'
}
mane () 
{ 
    ${GUIVIMBIN} ${VIMCONF} --remote-send "<ESC>:Man ${*}<CR>"
}
mang () 
{ 
    if [ $# -eq 0 ]; then
        /usr/bin/man;
    else
        "${GUIVIMBIN}" --noplugin -c "runtime ftplugin/man.vim" -c "Man $*" -c 'silent! only' -c 'nmap q :q<CR>' -c 'set nomodifiable' -c 'set colorcolumn=0' -c "set cursorline nocursorcolumn";
    fi
}
manv () 
{ 
    alias man_="/usr/bin/man";
    if [ $# -eq 0 ]; then
        /usr/bin/man;
    else
        "$(command -v vim)" --noplugin -c "runtime ftplugin/man.vim" -c "Man $*" -c 'silent! only' -c 'nmap q :q<CR>' -c 'set nomodifiable' -c 'set colorcolumn=0' -c "set cursorline nocursorcolumn";
    fi
}
mkcondaenv () 
{ 
    mkvirtualenv_conda "${@}"
}
mkproject () 
{ 
    typeset -a in_args;
    typeset -a out_args;
    typeset -i i;
    typeset tst;
    typeset a;
    typeset t;
    typeset force;
    typeset templates;
    in_args=("$@");
    force=0;
    if [ -n "$ZSH_VERSION" ]; then
        i=1;
        tst="-le";
    else
        i=0;
        tst="-lt";
    fi;
    while [ $i $tst $# ]; do
        a="${in_args[$i]}";
        case "$a" in 
            -h | --help)
                virtualenvwrapper_mkproject_help;
                return
            ;;
            -f | --force)
                force=1
            ;;
            -t)
                i=$(( $i + 1 ));
                templates="$templates ${in_args[$i]}"
            ;;
            *)
                if [ ${#out_args} -gt 0 ]; then
                    out_args=("${out_args[@]-}" "$a");
                else
                    out_args=("$a");
                fi
            ;;
        esac;
        i=$(( $i + 1 ));
    done;
    set -- "${out_args[@]}";
    eval "typeset envname=\$$#";
    virtualenvwrapper_verify_project_home || return 1;
    if [ -d "$PROJECT_HOME/$envname" -a $force -eq 0 ]; then
        echo "Project $envname already exists." 1>&2;
        return 1;
    fi;
    mkvirtualenv "$@" || return 1;
    virtualenvwrapper_cd "$PROJECT_HOME";
    virtualenvwrapper_run_hook "project.pre_mkproject" $envname;
    echo "Creating $PROJECT_HOME/$envname";
    mkdir -p "$PROJECT_HOME/$envname";
    setvirtualenvproject "$VIRTUAL_ENV" "$PROJECT_HOME/$envname";
    virtualenvwrapper_cd "$PROJECT_HOME/$envname";
    for t in $templates;
    do
        echo;
        echo "Applying template $t";
        virtualenvwrapper_run_hook --name $(echo $t | sed 's/^ //') "project.template" "$envname" "$PROJECT_HOME/$envname";
    done;
    virtualenvwrapper_run_hook "project.post_mkproject"
}
mktmpenv () 
{ 
    typeset tmpenvname;
    typeset RC;
    typeset -a in_args;
    typeset -a out_args;
    in_args=("$@");
    if [ -n "$ZSH_VERSION" ]; then
        i=1;
        tst="-le";
    else
        i=0;
        tst="-lt";
    fi;
    typeset cd_after_activate=$VIRTUALENVWRAPPER_WORKON_CD;
    while [ $i $tst $# ]; do
        a="${in_args[$i]}";
        case "$a" in 
            -n | --no-cd)
                cd_after_activate=0
            ;;
            -c | --cd)
                cd_after_activate=1
            ;;
            *)
                if [ ${#out_args} -gt 0 ]; then
                    out_args=("${out_args[@]-}" "$a");
                else
                    out_args=("$a");
                fi
            ;;
        esac;
        i=$(( $i + 1 ));
    done;
    set -- "${out_args[@]}";
    tmpenvname=$("$VIRTUALENVWRAPPER_PYTHON" -c 'import uuid,sys; sys.stdout.write(uuid.uuid4()+"\n")' 2> /dev/null);
    if [ -z "$tmpenvname" ]; then
        tmpenvname=$("$VIRTUALENVWRAPPER_PYTHON" -c 'import random,sys; sys.stdout.write(hex(random.getrandbits(64))[2:-1]+"\n")' 2> /dev/null);
    fi;
    tmpenvname="tmp-$tmpenvname";
    mkvirtualenv "$@" "$tmpenvname";
    RC=$?;
    if [ $RC -ne 0 ]; then
        return $RC;
    fi;
    [ "$cd_after_activate" = "1" ] && cdvirtualenv;
    echo "This is a temporary environment. It will be deleted when you run 'deactivate'." | tee "$VIRTUAL_ENV/README.tmpenv";
    cat - >> "$VIRTUAL_ENV/$VIRTUALENVWRAPPER_ENV_BIN_DIR/postdeactivate" <<EOF
if [ -f "$VIRTUAL_ENV/README.tmpenv" ]
then
    echo "Removing temporary environment:" $(basename "$VIRTUAL_ENV")
    rmvirtualenv $(basename "$VIRTUAL_ENV")
fi
EOF

}
mkvirtualenv () 
{ 
    typeset -a in_args;
    typeset -a out_args;
    typeset -i i;
    typeset tst;
    typeset a;
    typeset envname;
    typeset requirements;
    typeset packages;
    typeset interpreter;
    typeset project;
    in_args=("$@");
    if [ -n "$ZSH_VERSION" ]; then
        i=1;
        tst="-le";
    else
        i=0;
        tst="-lt";
    fi;
    while [ $i $tst $# ]; do
        a="${in_args[$i]}";
        case "$a" in 
            -a)
                i=$(( $i + 1 ));
                project="${in_args[$i]}";
                if [ ! -d "$project" ]; then
                    echo "Cannot associate project with $project, it is not a directory" 1>&2;
                    return 1;
                fi;
                project="$(virtualenvwrapper_absolutepath ${project})"
            ;;
            -h | --help)
                virtualenvwrapper_mkvirtualenv_help $a;
                return
            ;;
            -i)
                i=$(( $i + 1 ));
                packages="$packages ${in_args[$i]}"
            ;;
            -p | --python*)
                if echo "$a" | grep --color=auto -q "="; then
                    interpreter="$(echo "$a" | cut -f2 -d=)";
                else
                    i=$(( $i + 1 ));
                    interpreter="${in_args[$i]}";
                fi
            ;;
            -r)
                i=$(( $i + 1 ));
                requirements="${in_args[$i]}";
                requirements="$(virtualenvwrapper_expandpath "$requirements")"
            ;;
            *)
                if [ ${#out_args} -gt 0 ]; then
                    out_args=("${out_args[@]-}" "$a");
                else
                    out_args=("$a");
                fi
            ;;
        esac;
        i=$(( $i + 1 ));
    done;
    if [ ! -z $interpreter ]; then
        out_args=("--python=$interpreter" ${out_args[@]});
    fi;
    set -- "${out_args[@]}";
    eval "envname=\$$#";
    virtualenvwrapper_verify_workon_home || return 1;
    virtualenvwrapper_verify_virtualenv || return 1;
    ( [ -n "$ZSH_VERSION" ] && setopt SH_WORD_SPLIT;
    virtualenvwrapper_cd "$WORKON_HOME" && "$VIRTUALENVWRAPPER_VIRTUALENV" $VIRTUALENVWRAPPER_VIRTUALENV_ARGS "$@" && [ -d "$WORKON_HOME/$envname" ] && virtualenvwrapper_run_hook "pre_mkvirtualenv" "$envname" );
    typeset RC=$?;
    [ $RC -ne 0 ] && return $RC;
    [ ! -d "$WORKON_HOME/$envname" ] && return 0;
    if [ ! -z "$project" ]; then
        setvirtualenvproject "$WORKON_HOME/$envname" "$project";
        RC=$?;
        [ $RC -ne 0 ] && return $RC;
    fi;
    workon "$envname";
    if [ ! -z "$requirements" ]; then
        pip install -r "$requirements";
    fi;
    for a in $packages;
    do
        pip install $a;
    done;
    virtualenvwrapper_run_hook "post_mkvirtualenv"
}
mkvirtualenv_conda () 
{ 
    if [[ -z "${*}" ]]; then
        _mkvirtualenv_conda_usage;
        return 0;
    fi;
    for arg in "${@}";
    do
        case "${arg}" in 
            -h | --help)
                _mkvirtualenv_conda_usage;
                return 0
            ;;
        esac;
    done;
    local _conda_envname="${1}";
    local _conda_envs_path="${2:-${CONDA_ENVS_PATH}}";
    if [ -n "${2}" ]; then
        shift;
    fi;
    shift;
    local _conda_pkgs=("${@}");
    local _conda_python="${CONDA_PYTHON}";
    ( set +x +v;
    echo '$1 $_conda_envname: '"${_conda_envname}";
    echo '$2 $_conda_envs_path: '"${_conda_envs_path}" );
    if [ -z "${_conda_envname}" ] || [ -z "${_conda_envs_path}" ]; then
        return 2;
    fi;
    echo '_setup_conda '"${_conda_envs_path}";
    _setup_conda "${_conda_envs_path}";
    local CONDA_ENV="${CONDA_ENVS_PATH}/${_conda_envname}";
    if [ -z "${_conda_python}" ]; then
        case "${_conda_envs_path}" in 
            27)
                _conda_python="python=2.7"
            ;;
            34)
                _conda_python="python=3.4"
            ;;
            35)
                _conda_python="python=3.5"
            ;;
            36)
                _conda_python="python=3.6"
            ;;
            37)
                _conda_python="python=3.7"
            ;;
            38)
                _conda_python="python=3.8"
            ;;
        esac;
    fi;
    if [ -z "${_conda_python}" ]; then
        _conda_python_default="python=2";
        _conda_python=${_conda_python:-"${_conda_python_default}"};
    fi;
    ( set -x;
    conda create --mkdir --prefix "${CONDA_ENV}" --yes "${_conda_python}" readline pip "${_conda_pkgs[@]}" );
    unset VIRTUAL_ENV_NAME;
    unset _APP;
    export VIRTUAL_ENV="${CONDA_ENV}";
    echo "+ workon_conda '${_conda_envname}' '${_conda_envname}' '${_conda_envs_path}'";
    workon_conda "${_conda_envname}" "${_conda_envname}" "${_conda_envs_path}";
    export VIRTUAL_ENV="${CONDA_ENV}";
    declare -f 'dotfiles_postmkvirtualenv' > /dev/null 2>&1 && IS_CONDA_ENV="${CONDA_ENV}" _conda_envs_path="${_conda_envs_path}" dotfiles_postmkvirtualenv
}
mkvirtualenv_conda_if_available () 
{ 
    ( declare -f 'mkvirtualenv_conda' > /dev/null 2>&1 && mkvirtualenv_conda "${@}" ) || ( declare -f 'mkvirtualenv' > /dev/null 2>&1 && mkvirtualenv "${@}" )
}
msg () 
{ 
    local _msg="${@}";
    if [ -z "${_msg}" ]; then
        echo "_MSG=${_MSG}";
        return;
    else
        if [[ "${_msg}" == "-" ]]; then
            unset _MSG;
            echo "_MSG=${_MSG}";
            return;
        else
            export _MSG="${_msg}";
            echo "_MSG=${_MSG}";
            startstr="#_MSG	$(date +'%FT%T%z')	${HOSTNAME}	${USER}	\$$	";
            _usrlog_append "${startstr}#_MSG: ${_msg}";
            return;
        fi;
    fi
}
nogitpager () 
{ 
    export GIT_PAGER="";
    echo "GIT_PAGER=$(shell_escape_single "${GIT_PAGER}")"
}
note () 
{ 
    local _note="${@}";
    if [ -z "${_note}" ]; then
        echo "_NOTE=${_NOTE}";
        return;
    else
        if [[ "${_note}" = "-" ]]; then
            unset _NOTE;
            echo "_NOTE=${_NOTE}";
            return;
        else
            export _NOTE="${_note}";
            echo "_NOTE=${_NOTE}";
            startstr="#NOTE	$(date +'%FT%T%z')	${HOSTNAME}	${USER}	\$$	";
            _usrlog_append "${startstr}#NOTE: ${_note}";
            return;
        fi;
    fi
}
p () 
{ 
    check_help $1;
    source $SDIRS;
    echo "$(eval $(echo echo $(echo \$DIR_$1)))"
}
path () 
{ 
    realpath "${1}"
}
pypath () 
{ 
    /usr/bin/env python -m site
}
quote () 
{ 
    local quoted=${1//\'/\'\\\'\'};
    printf "'%s'" "$quoted"
}
quote_readline () 
{ 
    local REPLY;
    _comp_quote_compgen "$1";
    printf %s "$REPLY"
}
realpath () 
{ 
    python -c "import os,sys; print(os.path.realpath(os.path.expanduser(sys.argv[1])))" "${1}";
    return
}
rebuild_virtualenv () 
{ 
    ( set -x;
    _rebuild_virtualenv "${@}" )
}
rebuild_virtualenvs () 
{ 
    lsve rebuild_virtualenv
}
rmvirtualenv () 
{ 
    virtualenvwrapper_verify_workon_home || return 1;
    if [ ${#@} = 0 ]; then
        echo "Please specify an environment." 1>&2;
        return 1;
    fi;
    typeset env_name;
    for env_name in "$@";
    do
        echo "Removing $env_name...";
        typeset env_dir="$WORKON_HOME/$env_name";
        if [ "$VIRTUAL_ENV" = "$env_dir" ]; then
            echo "ERROR: You cannot remove the active environment ('$env_name')." 1>&2;
            echo "Either switch to another environment, or run 'deactivate'." 1>&2;
            return 1;
        fi;
        if [ ! -d "$env_dir" ]; then
            echo "Did not find environment $env_dir to remove." 1>&2;
        fi;
        typeset prior_dir="$(pwd)";
        virtualenvwrapper_cd "$WORKON_HOME";
        virtualenvwrapper_run_hook "pre_rmvirtualenv" "$env_name";
        command \rm -rf "$env_dir";
        virtualenvwrapper_run_hook "post_rmvirtualenv" "$env_name";
        if [ -d "$prior_dir" ]; then
            virtualenvwrapper_cd "$prior_dir";
        fi;
    done
}
rmvirtualenv_conda () 
{ 
    local _conda_envname="${1}";
    local _conda_envs_path="${2:-${CONDA_ENVS_PATH}}";
    if [ -z "${_conda_envname}" ] || [ -z "${_conda_envs_path}" ]; then
        echo '$1 $_conda_envname: '"${_conda_envname}";
        echo '$2 $_conda_envs_path: '"${_conda_envs_path}";
        echo '$conda_env="${_conda_envs_path}/{$_conda_envname}"';
        return 2;
    fi;
    local conda_env="${_conda_envs_path}/$_conda_envname";
    echo "Removing ${conda_env}";
    local _prmpt='_y_to_remove__n_to_cancel_';
    ( set -x;
    ( touch "${_prmpt}" && rm -fi "${_prmpt}" ) && rm -rf "${conda_env}" )
}
s () 
{ 
    check_help $1;
    _bookmark_name_valid "$@";
    if [ -z "$exit_message" ]; then
        _purge_line "$SDIRS" "export DIR_$1=";
        CURDIR=$(echo $PWD | sed "s#^$HOME#\$HOME#g");
        echo "export DIR_$1=\"$CURDIR\"" >> $SDIRS;
    fi
}
set_term_id () 
{ 
    _usrlog_set__TERM_ID "$@"
}
setup_dotfiles_docs_venv () 
{ 
    deactivate;
    __DOCSENV="docs";
    export __DOCS="${WORKON_HOME}/${__DOCSENV}";
    export __DOCSWWW="${__DOCS}/var/www";
    mkvirtualenv_conda_if_available "$__DOCSENV";
    venv_mkdirs "$__DOCS";
    workon_conda_if_available "$__DOCS"
}
setup_dotfiles_src_venv () 
{ 
    deactivate;
    __SRCENV="src";
    export __SRC=${WORKON_HOME}/${__SRCENV}/src;
    export __SRC_HG=${__SRC}/hg;
    export __SRC_GIT=${__SRC_GIT}/git;
    mkvirtualenv_conda_if_available $__SRCENV;
    workon_conda_if_available $__SRCENV;
    _VIRTUAL_ENV="${WORKON_HOME}/${__SRCENV}";
    venv_mkdirs "${_VIRTUAL_ENV}";
    ensure_mkdir "$__SRC";
    ensure_mkdir "$__SRC/git";
    ensure_mkdir "$__SRC/hg";
    ensure_mkdir "${_VIRTUAL_ENV}/var/www"
}
setvirtualenvproject () 
{ 
    typeset venv="$1";
    typeset prj="$2";
    if [ -z "$venv" ]; then
        venv="$VIRTUAL_ENV";
    fi;
    if [ -z "$prj" ]; then
        prj="$(pwd)";
    else
        prj=$(virtualenvwrapper_absolutepath "${prj}");
    fi;
    if [ ! -d "$venv" ]; then
        venv="$WORKON_HOME/$venv";
    fi;
    if [ ! -d "$venv" ]; then
        echo "No virtualenv $(basename $venv)" 1>&2;
        return 1;
    fi;
    if [ ! -d "$prj" ]; then
        echo "Cannot associate virtualenv with \"$prj\", it is not a directory" 1>&2;
        return 1;
    fi;
    echo "Setting project for $(basename $venv) to $prj";
    echo "$prj" > "$venv/$VIRTUALENVWRAPPER_PROJECT_FILENAME"
}
shell_escape_single () 
{ 
    echo "'""${1//\'/\'\"\'\"\'}""'"
}
showvirtualenv () 
{ 
    typeset env_name="$1";
    if [ -z "$env_name" ]; then
        if [ -z "$VIRTUAL_ENV" ]; then
            echo "showvirtualenv [env]";
            return 1;
        fi;
        env_name=$(basename "$VIRTUAL_ENV");
    fi;
    virtualenvwrapper_run_hook "get_env_details" "$env_name";
    echo
}
ssv () 
{ 
    supervisord_start $@;
    return
}
st () 
{ 
    _usrlog_set__TERM_ID "$@"
}
stid () 
{ 
    _usrlog_set__TERM_ID "$@"
}
sudoe () 
{ 
    EDITOR="${SUDO_EDITOR}" sudo -e "${@}"
}
sudovim () 
{ 
    sudoe "${@}"
}
supervisord_start () 
{ 
    supervisord -c "${_SVCFG}";
    return
}
supervisord_stop () 
{ 
    supervisorctl -c "${_SVCFG}" "shutdown";
    return
}
supervisord_sv_create_symlinks () 
{ 
    src="${BASH_SOURCE}";
    test -e sv || ln -s ${src} sv;
    test -e svs || ln -s ${src} svs;
    test -e svr || ln -s ${src} svr;
    test -e svt || ln -s ${src} svt;
    test -e svd || ln -s ${src} svd;
    test -e sve || ln -s ${src} sve
}
sv () 
{ 
    supervisorctl -c "${_SVCFG}" ${@};
    return
}
svd () 
{ 
    name=${1:-"dev"};
    sv restart "${name}" && sv tail -f "${name}"
}
sve () 
{ 
    ${EDITOR_:-${EDITOR}} ${1:-${_SVCFG}}
}
svr () 
{ 
    sv restart ${@};
    return
}
svs () 
{ 
    sv status ${@};
    return
}
svt () 
{ 
    name=${1};
    sv tail -f ${name}
}
termid () 
{ 
    _usrlog_get__TERM_ID
}
test_lsvirtualenvs () 
{ 
    ( set -x;
    _test_lsvirtualenvs )
}
todo () 
{ 
    local _todo="${@}";
    if [ -z "${_todo}" ]; then
        echo "_TODO=${_TODO}";
        return;
    else
        if [[ "${_todo}" = "-" ]]; then
            unset _TODO;
            echo "_TODO=${_TODO}";
            return;
        else
            export _TODO="${_todo}";
            echo "_TODO=${_TODO}";
            startstr="#TODO	$(date +'%FT%T%z')	${HOSTNAME}	${USER}	\$$	";
            _usrlog_append "${startstr}#TODO: [ ] ${_todo}";
            return;
        fi;
    fi
}
toggleglobalsitepackages () 
{ 
    virtualenvwrapper_verify_workon_home || return 1;
    virtualenvwrapper_verify_active_environment || return 1;
    typeset no_global_site_packages_file="`virtualenvwrapper_get_site_packages_dir`/../no-global-site-packages.txt";
    if [ -f $no_global_site_packages_file ]; then
        rm $no_global_site_packages_file;
        [ "$1" = "-q" ] || echo "Enabled global site-packages";
    else
        touch $no_global_site_packages_file;
        [ "$1" = "-q" ] || echo "Disabled global site-packages";
    fi
}
ug () 
{ 
    usrlog_grep "${@}"
}
uga () 
{ 
    usrlog_grep_all "${@}"
}
uga2 () 
{ 
    _USRLOG_GREP_PATHS="$(lsusrlogs)" usrlog_grep "${@}"
}
ugall () 
{ 
    usrlog_grep_all "${@}"
}
ugft () 
{ 
    usrlog_format_todonotemsg_as_txt "${@}"
}
uggt () 
{ 
    usrlog_grep_todos "${@}"
}
ugp () 
{ 
    _usrlog_parse_cmds "${@}"
}
ugrin () 
{ 
    usrlog_grin "${@}"
}
ugrinall () 
{ 
    usrlog_grin_all "${@}"
}
ugrins () 
{ 
    usrlog_grin_session_id_all "${@}"
}
ugt () 
{ 
    usrlog_grep_todos_as_txt "${@}"
}
ugta () 
{ 
    usrlog_grep_tods_as_txt_all "${@}"
}
ugtodo () 
{ 
    usrlog_grep_todos_as_txt "${@}"
}
ugtodoall () 
{ 
    usrlog_grep_tods_as_txt_all "${@}"
}
ugtp () 
{ 
    usrlog_grep_todos "${@}" | _usrlog_parse_cmds
}
ugtptodo () 
{ 
    usrlog_grep_todos_parse "${@}" | grep --color=auto --text --color=never '^#TODO'
}
ugtptodonote () 
{ 
    usrlog_grep_todos_parse "${@}" | grep --color=auto --text --color=never '^#\(TODO\|NOTE\)'
}
ugv () 
{ 
    usrlog_grep_venvs "${@}"
}
ugva () 
{ 
    usrlog_grep_venvs_all "${@}"
}
ull () 
{ 
    usrlog_lately "${@}"
}
usrlog_format_todonotemsg_as_txt () 
{ 
    sed 's/^#TODO: /- /' | sed 's/^#NOTE: /- NOTE: /' | sed 's/^#_MSG: /- _MSG: /'
}
usrlog_grep () 
{ 
    local _paths="${_USRLOG_GREP_PATHS:-"${_USRLOG}"}";
    if [ -z "${@}" ]; then
        ( set -x;
        cat "${_paths}" );
    else
        ( set -x;
        grep --color=auto -E --text -n "${@}" ${_paths} );
    fi
}
usrlog_grep_all () 
{ 
    if [ -n "${@}" ]; then
        ( set -x;
        args="${@}";
        usrlogs=$(lsusrlogs);
        grep --color=auto -E "${@}" --text ${usrlogs} | sed 's/:/''	''/' );
    else
        lsusrlogs | xargs cat;
    fi
}
usrlog_grep_todos () 
{ 
    cat "${@:-${_USRLOG}}" | _usrlog_grep_todos
}
usrlog_grep_todos_as_txt () 
{ 
    usrlog_grep_todos_parse "${@}" | usrlog_format_todonotemsg_as_txt
}
usrlog_grep_todos_as_txt_all () 
{ 
    usrlog_grep_todos_parse "${@}" $(lsusrlogs)
}
usrlog_grep_todos_parse () 
{ 
    usrlog_grep_todos "${@}" | _usrlog_parse_cmds
}
usrlog_grep_venvs () 
{ 
    cat "${@:-${_USRLOG}}" | _usrlog_grep_venvs
}
usrlog_grep_venvs_all () 
{ 
    usrlog_grep_venvs $(lsusrlogs) | sort -n
}
usrlog_grin () 
{ 
    local args="${@}";
    ( set -x;
    grin -s "${args}" "${_USRLOG}" )
}
usrlog_grin_all () 
{ 
    ( set -x;
    args="${@}";
    usrlogs=$(lsusrlogs);
    lsusrlogs | grin --no-skip-hidden-files "${@}" -f - | sed 's/:/''	''/' | grin "${@}" - )
}
usrlog_grin_session_id () 
{ 
    ( set -x;
    local _term_id="${1:-"${_TERM_ID}"}";
    local _usrlog="${2:-"${_USRLOG}"}";
    grin -s '#  [\d\-:TZ\s]+\t'${_term_id}'\t(.*)$' ${_usrlog} --no-color )
}
usrlog_grin_session_id_all () 
{ 
    ( set -x;
    local _term_id=${1:-"${_TERM_ID}"};
    local _usrlog=${2:-"${_USRLOG}"};
    local _usrlogs=$(lsusrlogs_date_desc);
    grin -s '#  [\d\-:TZ\s]+\t'${_term_id}'\t' ${_usrlogs} --no-color )
}
usrlog_grin_session_id_all_cmds () 
{ 
    ( set -x;
    local _term_id=${1:-"${_TERM_ID}"};
    local _usrlog=${2:-"${_USRLOG}"};
    local _usrlogs=$(lsusrlogs_date_asc);
    grin -N --no-color --without-filename -s '#  [\d\-:TZ\s]+\t'${_term_id}'\t' "${_usrlogs}" | _usrlog_parse_cmds - )
}
usrlog_grin_session_id_cmds () 
{ 
    ( set -x;
    local _term_id="${1:-"${_TERM_ID}"}";
    local _usrlog="${2:-"${_USRLOG}"}";
    grin -N --no-color --without-filename -s '#  [\d\-:TZ\s]+\t'${_term_id}'\t(.*)$' "${_usrlog}" | _usrlog_parse_cmds - )
}
usrlog_help () 
{ 
    ( set -x;
    grep --color=auto -E '^\s*#+\s+' $0 );
    ( set -x;
    grep --color=auto -E '^\s*function u' $0 )
}
usrlog_lately () 
{ 
    lsusrlogs_date_desc "${@}" | xargs ls -ltr
}
usrlog_screenrec_ffmpeg () 
{ 
    DATESTR=$(date +%Y%m%d-%H%M);
    FILEBASE="screenrec-${DATESTR}";
    if [ -z "$2" ]; then
        FILENAME="$1/${FILEBASE}_unnamed.mpg";
    else
        FILENAME="$1/${FILEBASE}_${2}.mpg";
    fi;
    SCREENDIM="$(xdpyinfo | grep 'dimensions:' | awk '{print $2}')";
    ffmpeg -f x11grab -s "$SCREENDIM" -r 25;
    -i 0:0 -sameq "$FILENAME" 2>&1 | tee "$FILENAME.log"
}
usrlog_tail () 
{ 
    ( _usrlog_tail "${@}" )
}
usrlog_tail_all () 
{ 
    usrlog_tail "$(lsusrlogs)"
}
usrlog_tail_all_and_parse () 
{ 
    ( set -x;
    usrlog_tail "${@:+"${@}"}" "$(lsusrlogs)" | ugp )
}
usrlog_tail_and_parse () 
{ 
    usrlog_tail "${@}" | _usrlog_parse_cmds
}
usrlog_tail_follow () 
{ 
    _USRLOG_TAIL_FOLLOW=true usrlog_tail "${@}"
}
usrloge () 
{ 
    file=${1:-$_USRLOG};
    if [ -n "${VIMCONF}" ]; then
        ${GUIVIMBIN} ${VIMCONF} --remote-send ":tabnew + ${file}<CR>";
    else
        usrlogg "${file}";
    fi
}
usrlogg () 
{ 
    file=${1:-$_USRLOG};
    lessg + "${file}"
}
usrlogv () 
{ 
    file=${1:-$_USRLOG};
    lessv + "${file}"
}
usrlogw () 
{ 
    ( set -x;
    usrlog.py -p "${_USRLOG}" ${@} )
}
ut () 
{ 
    usrlog_tail "${@}"
}
uta () 
{ 
    usrlog_tail_all "${@}"
}
utap () 
{ 
    usrlog_tail_all_and_parse "${@}"
}
utf () 
{ 
    usrlog_tail_follow "${@}"
}
utp () 
{ 
    usrlog_tail_and_parse "${@}"
}
venv () 
{ 
    ( set -x;
    $__VENV "${@}" )
}
venv_ls () 
{ 
    prefix=${1:-${VIRTUAL_ENV}};
    lsargs=${2:-${lsargs:-"-ld"}};
    if [ -z "${prefix}" ]; then
        return;
    fi;
    find "${prefix}" "${prefix}/lib" -maxdepth 2 -type d -print0 | xargs -0 ls --color=auto ${lsargs}
}
venv_mkdirs () 
{ 
    prefix=${1:-${VIRTUAL_ENV}};
    if [ -z "${prefix}" ]; then
        return;
    fi;
    ensure_mkdir "${prefix}";
    ensure_mkdir "${prefix}/bin";
    ensure_mkdir "${prefix}/etc";
    ensure_mkdir "${prefix}/lib";
    ensure_mkdir "${prefix}/src";
    ensure_mkdir "${prefix}/tmp";
    ensure_mkdir "${prefix}/usr/share/doc";
    ensure_mkdir "${prefix}/var/cache";
    ensure_mkdir "${prefix}/var/log";
    ensure_mkdir "${prefix}/var/run";
    ensure_mkdir "${prefix}/var/www";
    venv_ls "${prefix}"
}
venvw () 
{ 
    ( set -x;
    $__VENV -e "${@}" )
}
vimpager () 
{ 
    if [ -x "${_PAGER}" ]; then
        "${_PAGER}" "${@}";
    else
        echo "error: vimpager not found. Calling lessv instead...";
        lessv "${@}";
    fi
}
virtualenvwrapper () 
{ 
    cat <<EOF

virtualenvwrapper is a set of extensions to Ian Bicking's virtualenv
tool.  The extensions include wrappers for creating and deleting
virtual environments and otherwise managing your development workflow,
making it easier to work on more than one project at a time without
introducing conflicts in their dependencies.

For more information please refer to the documentation:

    http://virtualenvwrapper.readthedocs.org/en/latest/command_ref.html

Commands available:

EOF

    typeset helpmarker="#:help:"
    cat "$VIRTUALENVWRAPPER_SCRIPT" | grep --color=auto "^$helpmarker" | sed -e "s/^$helpmarker/  /g" | sort | sed -e 's/$/\''
/g'
}
virtualenvwrapper_absolutepath () 
{ 
    if [ "$1" = "" ]; then
        return 1;
    else
        "$VIRTUALENVWRAPPER_PYTHON" -c "import os,sys; sys.stdout.write(os.path.abspath(\"$1\")+'\n')";
        return 0;
    fi
}
virtualenvwrapper_cd () 
{ 
    if [ -n "${BASH:-}" ]; then
        builtin \cd "$@";
    else
        if [ -n "${ZSH_VERSION:-}" ]; then
            builtin \cd -q "$@";
        else
            command \cd "$@";
        fi;
    fi
}
virtualenvwrapper_derive_workon_home () 
{ 
    typeset workon_home_dir="$WORKON_HOME";
    if [ "$workon_home_dir" = "" ]; then
        workon_home_dir="$HOME/.virtualenvs";
    fi;
    if echo "$workon_home_dir" | ( unset GREP_OPTIONS;
    command \grep '^[^/~]' > /dev/null ); then
        workon_home_dir="$HOME/$WORKON_HOME";
    fi;
    if echo "$workon_home_dir" | ( unset GREP_OPTIONS;
    command \grep -E '([\$~]|//)' > /dev/null ); then
        workon_home_dir="$(virtualenvwrapper_expandpath "$workon_home_dir")";
    fi;
    echo "$workon_home_dir";
    return 0
}
virtualenvwrapper_expandpath () 
{ 
    if [ "$1" = "" ]; then
        return 1;
    else
        "$VIRTUALENVWRAPPER_PYTHON" -c "import os,sys; sys.stdout.write(os.path.normpath(os.path.expanduser(os.path.expandvars(\"$1\")))+'\n')";
        return 0;
    fi
}
virtualenvwrapper_get_python_version () 
{ 
    "$VIRTUAL_ENV/$VIRTUALENVWRAPPER_ENV_BIN_DIR/python" -V 2>&1 | cut -f2 -d' ' | cut -f-2 -d.
}
virtualenvwrapper_get_site_packages_dir () 
{ 
    "$VIRTUAL_ENV/$VIRTUALENVWRAPPER_ENV_BIN_DIR/python" -c "import distutils.sysconfig; print(distutils.sysconfig.get_python_lib())"
}
virtualenvwrapper_initialize () 
{ 
    export WORKON_HOME="$(virtualenvwrapper_derive_workon_home)";
    virtualenvwrapper_verify_workon_home -q || return 1;
    if [ "$VIRTUALENVWRAPPER_HOOK_DIR" = "" ]; then
        VIRTUALENVWRAPPER_HOOK_DIR="$WORKON_HOME";
    fi;
    export VIRTUALENVWRAPPER_HOOK_DIR;
    mkdir -p "$VIRTUALENVWRAPPER_HOOK_DIR";
    virtualenvwrapper_run_hook "initialize";
    virtualenvwrapper_setup_tab_completion;
    return 0
}
virtualenvwrapper_mkproject_help () 
{ 
    echo "Usage: mkproject [-f|--force] [-t template] [virtualenv options] project_name";
    echo;
    echo "-f, --force    Create the virtualenv even if the project directory";
    echo "               already exists";
    echo;
    echo "Multiple templates may be selected.  They are applied in the order";
    echo "specified on the command line.";
    echo;
    echo "mkvirtualenv help:";
    echo;
    mkvirtualenv -h;
    echo;
    echo "Available project templates:";
    echo;
    "$VIRTUALENVWRAPPER_PYTHON" -c 'from virtualenvwrapper.hook_loader import main; main()' -l project.template
}
virtualenvwrapper_mktemp () 
{ 
    command \mktemp "$@"
}
virtualenvwrapper_mkvirtualenv_help () 
{ 
    echo "Usage: mkvirtualenv [-a project_path] [-i package] [-r requirements_file] [virtualenv options] env_name";
    echo;
    echo " -a project_path";
    echo;
    echo "    Provide a full path to a project directory to associate with";
    echo "    the new environment.";
    echo;
    echo " -i package";
    echo;
    echo "    Install a package after the environment is created.";
    echo "    This option may be repeated.";
    echo;
    echo " -r requirements_file";
    echo;
    echo "    Provide a pip requirements file to install a base set of packages";
    echo "    into the new environment.";
    echo;
    echo 'virtualenv help:';
    echo;
    "$VIRTUALENVWRAPPER_VIRTUALENV" $@
}
virtualenvwrapper_run_hook () 
{ 
    typeset hook_script;
    typeset result;
    hook_script="$(virtualenvwrapper_tempfile ${1}-hook)" || return 1;
    ( virtualenvwrapper_cd "$WORKON_HOME" && "$VIRTUALENVWRAPPER_PYTHON" -m 'virtualenvwrapper.hook_loader' ${HOOK_VERBOSE_OPTION:-} --script "$hook_script" "$@" );
    result=$?;
    if [ $result -eq 0 ]; then
        if [ ! -f "$hook_script" ]; then
            echo "ERROR: virtualenvwrapper_run_hook could not find temporary file $hook_script" 1>&2;
            command \rm -f "$hook_script";
            return 2;
        fi;
        source "$hook_script";
    else
        if [ "${1}" = "initialize" ]; then
            cat - 1>&2 <<EOF
virtualenvwrapper.sh: There was a problem running the initialization hooks.

If Python could not import the module virtualenvwrapper.hook_loader,
check that virtualenvwrapper has been installed for
VIRTUALENVWRAPPER_PYTHON=$VIRTUALENVWRAPPER_PYTHON and that PATH is
set properly.
EOF

        fi;
    fi
    command \rm -f "$hook_script";
    return $result
}
virtualenvwrapper_setup_tab_completion () 
{ 
    if [ -n "${BASH:-}" ]; then
        function _virtualenvs () 
        { 
            local cur="${COMP_WORDS[COMP_CWORD]}";
            COMPREPLY=($(compgen -W "`virtualenvwrapper_show_workon_options`" -- ${cur}))
        };
        function _cdvirtualenv_complete () 
        { 
            local cur="$2";
            COMPREPLY=($(cdvirtualenv && compgen -d -- "${cur}"))
        };
        function _cdsitepackages_complete () 
        { 
            local cur="$2";
            COMPREPLY=($(cdsitepackages && compgen -d -- "${cur}"))
        };
        complete -o nospace -F _cdvirtualenv_complete -S/ cdvirtualenv;
        complete -o nospace -F _cdsitepackages_complete -S/ cdsitepackages;
        complete -o default -o nospace -F _virtualenvs workon;
        complete -o default -o nospace -F _virtualenvs rmvirtualenv;
        complete -o default -o nospace -F _virtualenvs cpvirtualenv;
        complete -o default -o nospace -F _virtualenvs showvirtualenv;
    else
        if [ -n "$ZSH_VERSION" ]; then
            function _virtualenvs () 
            { 
                reply=($(virtualenvwrapper_show_workon_options))
            };
            function _cdvirtualenv_complete () 
            { 
                reply=($(cdvirtualenv && ls -d ${1}*))
            };
            function _cdsitepackages_complete () 
            { 
                reply=($(cdsitepackages && ls -d ${1}*))
            };
            compctl -K _virtualenvs workon rmvirtualenv cpvirtualenv showvirtualenv;
            compctl -K _cdvirtualenv_complete cdvirtualenv;
            compctl -K _cdsitepackages_complete cdsitepackages;
        fi;
    fi
}
virtualenvwrapper_show_workon_options () 
{ 
    virtualenvwrapper_verify_workon_home || return 1;
    ( virtualenvwrapper_cd "$WORKON_HOME" && echo */$VIRTUALENVWRAPPER_ENV_BIN_DIR/activate ) 2> /dev/null | command \tr "\n" " " | command \sed "s|/$VIRTUALENVWRAPPER_ENV_BIN_DIR/activate |/|g" | command \tr "/" "\n" | command \sed "/^\s*$/d" | ( unset GREP_OPTIONS;
    command \grep -E -v '^\*$' ) 2> /dev/null
}
virtualenvwrapper_tempfile () 
{ 
    typeset suffix=${1:-hook};
    typeset file;
    file="$(virtualenvwrapper_mktemp -t virtualenvwrapper-$suffix-XXXXXXXXXX)";
    touch "$file";
    if [ $? -ne 0 ] || [ -z "$file" ] || [ ! -f "$file" ]; then
        echo "ERROR: virtualenvwrapper could not create a temporary file name." 1>&2;
        return 1;
    fi;
    echo $file;
    return 0
}
virtualenvwrapper_verify_active_environment () 
{ 
    if [ ! -n "${VIRTUAL_ENV}" ] || [ ! -d "${VIRTUAL_ENV}" ]; then
        echo "ERROR: no virtualenv active, or active virtualenv is missing" 1>&2;
        return 1;
    fi;
    return 0
}
virtualenvwrapper_verify_project_home () 
{ 
    if [ -z "$PROJECT_HOME" ]; then
        echo "ERROR: Set the PROJECT_HOME shell variable to the name of the directory where projects should be created." 1>&2;
        return 1;
    fi;
    if [ ! -d "$PROJECT_HOME" ]; then
        [ "$1" != "-q" ] && echo "ERROR: Project directory '$PROJECT_HOME' does not exist.  Create it or set PROJECT_HOME to an existing directory." 1>&2;
        return 1;
    fi;
    return 0
}
virtualenvwrapper_verify_resource () 
{ 
    typeset exe_path="$(command \which "$1" | ( unset GREP_OPTIONS; command \grep -v "not found" ))";
    if [ "$exe_path" = "" ]; then
        echo "ERROR: virtualenvwrapper could not find $1 in your path" 1>&2;
        return 1;
    fi;
    if [ ! -e "$exe_path" ]; then
        echo "ERROR: Found $1 in path as \"$exe_path\" but that does not exist" 1>&2;
        return 1;
    fi;
    return 0
}
virtualenvwrapper_verify_virtualenv () 
{ 
    virtualenvwrapper_verify_resource $VIRTUALENVWRAPPER_VIRTUALENV
}
virtualenvwrapper_verify_virtualenv_clone () 
{ 
    virtualenvwrapper_verify_resource $VIRTUALENVWRAPPER_VIRTUALENV_CLONE
}
virtualenvwrapper_verify_workon_environment () 
{ 
    typeset env_name="$1";
    if [ ! -d "$WORKON_HOME/$env_name" ]; then
        echo "ERROR: Environment '$env_name' does not exist. Create it with 'mkvirtualenv $env_name'." 1>&2;
        return 1;
    fi;
    return 0
}
virtualenvwrapper_verify_workon_home () 
{ 
    RC=0;
    if [ ! -d "$WORKON_HOME/" ]; then
        if [ "$1" != "-q" ]; then
            echo "NOTE: Virtual environments directory $WORKON_HOME does not exist. Creating..." 1>&2;
        fi;
        mkdir -p "$WORKON_HOME";
        RC=$?;
    fi;
    return $RC
}
virtualenvwrapper_workon_help () 
{ 
    echo "Usage: workon env_name";
    echo "";
    echo "           Deactivate any currently activated virtualenv";
    echo "           and activate the named environment, triggering";
    echo "           any hooks in the process.";
    echo "";
    echo "       workon";
    echo "";
    echo "           Print a list of available environments.";
    echo "           (See also lsvirtualenv -b)";
    echo "";
    echo "       workon (-h|--help)";
    echo "";
    echo "           Show this help message.";
    echo "";
    echo "       workon (-c|--cd) envname";
    echo "";
    echo "           After activating the environment, cd to the associated";
    echo "           project directory if it is set.";
    echo "";
    echo "       workon (-n|--no-cd) envname";
    echo "";
    echo "           After activating the environment, do not cd to the";
    echo "           associated project directory.";
    echo ""
}
walkpath () 
{ 
    dir=${1:-$(pwd)};
    if [ -n "${__IS_MAC}" ]; then
        cmd=${2:-"ls -ldaG"};
    else
        cmd=${2:-"ls -lda --color=auto"};
    fi;
    dir=$(realpath "${dir}");
    parts=$(echo "${dir}" | awk 'BEGIN{FS="/"}{for (i=1; i < NF+2; i++) print $i}');
    paths=('/');
    unset path;
    for part in $parts;
    do
        path="$path/$part";
        paths=("${paths[@]}" "${path}");
    done;
    ${cmd} "${paths[@]}"
}
we () 
{ 
    workon_venv "${@}"
}
wec () 
{ 
    workon_conda "${@}"
}
wipeenv () 
{ 
    virtualenvwrapper_verify_workon_home || return 1;
    virtualenvwrapper_verify_active_environment || return 1;
    typeset req_file="$(virtualenvwrapper_tempfile "requirements.txt")";
    pip freeze | grep --color=auto -E -v '(distribute|wsgiref|appdirs|packaging|pyparsing|six)' > "$req_file";
    if [ -n "$(cat "$req_file")" ]; then
        echo "Uninstalling packages:";
        cat "$req_file";
        echo;
        pip uninstall -y $(cat "$req_file" | grep -v '^-f' | sed 's/>/=/g' | cut -f1 -d=);
    else
        echo "Nothing to remove.";
    fi;
    rm -f "$req_file"
}
workon () 
{ 
    typeset -a in_args;
    typeset -a out_args;
    in_args=("$@");
    if [ -n "$ZSH_VERSION" ]; then
        i=1;
        tst="-le";
    else
        i=0;
        tst="-lt";
    fi;
    typeset cd_after_activate=$VIRTUALENVWRAPPER_WORKON_CD;
    while [ $i $tst $# ]; do
        a="${in_args[$i]}";
        case "$a" in 
            -h | --help)
                virtualenvwrapper_workon_help;
                return 0
            ;;
            -n | --no-cd)
                cd_after_activate=0
            ;;
            -c | --cd)
                cd_after_activate=1
            ;;
            *)
                if [ ${#out_args} -gt 0 ]; then
                    out_args=("${out_args[@]-}" "$a");
                else
                    out_args=("$a");
                fi
            ;;
        esac;
        i=$(( $i + 1 ));
    done;
    set -- "${out_args[@]}";
    typeset env_name="$1";
    if [ "$env_name" = "" ]; then
        lsvirtualenv -b;
        return 1;
    else
        if [ "$env_name" = "." ]; then
            IFS='%';
            env_name="$(basename $(pwd))";
            unset IFS;
        fi;
    fi;
    virtualenvwrapper_verify_workon_home || return 1;
    virtualenvwrapper_verify_workon_environment "$env_name" || return 1;
    activate="$WORKON_HOME/$env_name/$VIRTUALENVWRAPPER_ENV_BIN_DIR/activate";
    if [ ! -f "$activate" ]; then
        echo "ERROR: Environment '$WORKON_HOME/$env_name' does not contain an activate script." 1>&2;
        return 1;
    fi;
    type deactivate > /dev/null 2>&1;
    if [ $? -eq 0 ]; then
        typeset -f deactivate | grep --color=auto 'typeset env_postdeactivate_hook' > /dev/null 2>&1;
        if [ $? -eq 0 ]; then
            deactivate;
            unset -f deactivate > /dev/null 2>&1;
        fi;
    fi;
    virtualenvwrapper_run_hook "pre_activate" "$env_name";
    source "$activate";
    virtualenvwrapper_original_deactivate=`typeset -f deactivate | sed 's/deactivate/virtualenv_deactivate/g'`;
    eval "$virtualenvwrapper_original_deactivate";
    unset -f deactivate > /dev/null 2>&1;
    eval 'deactivate () {
        typeset env_postdeactivate_hook
        typeset old_env

        # Call the local hook before the global so we can undo
        # any settings made by the local postactivate first.
        virtualenvwrapper_run_hook "pre_deactivate"

        env_postdeactivate_hook="$VIRTUAL_ENV/$VIRTUALENVWRAPPER_ENV_BIN_DIR/postdeactivate"
        old_env=$(basename "$VIRTUAL_ENV")

        # Call the original function.
        virtualenv_deactivate $1

        virtualenvwrapper_run_hook "post_deactivate" "$old_env"

        if [ ! "$1" = "nondestructive" ]
        then
            # Remove this function
            unset -f virtualenv_deactivate >/dev/null 2>&1
            unset -f deactivate >/dev/null 2>&1
        fi

    }';
    VIRTUALENVWRAPPER_PROJECT_CD=$cd_after_activate virtualenvwrapper_run_hook "post_activate";
    return 0
}
workon_conda () 
{ 
    for arg in "${@}";
    do
        case "${arg}" in 
            -h | --help)
                _workon_conda_usage;
                return 0
            ;;
        esac;
    done;
    local _conda_envname="${1}";
    local _venvstrapp="${2}";
    local _conda_envs_path="${3}";
    _setup_conda "${_conda_envs_path}";
    local CONDA_ENV="${CONDA_ENVS_PATH}/${_conda_envname}";
    source "${CONDA_ROOT}/bin/activate" "${CONDA_ENV}";
    __VENV="${__VENV:-${__DOTFILES}/src/dotfiles/venv/venv_ipyconfig.py}";
    source <(set -x; $__VENV --ve="${CONDA_ENV}" --venvstrapp="${_venvstrapp}" --CONDA_ROOT="${CONDA_ROOT}" --CONDA_ENVS_PATH="${CONDA_ENVS_PATH}" --print-bash);
    declare -f "_setup_venv_prompt" > /dev/null 2>&1 && _setup_venv_prompt;
    declare -f "dotfiles_status" > /dev/null 2>&1 && dotfiles_status;
    function deactivate () 
    { 
        source deactivate;
        declare -f "dotfiles_postdeactivate" > /dev/null 2>&1 && dotfiles_postdeactivate
    }
}
workon_conda_if_available () 
{ 
    ( declare -f 'workon_conda' > /dev/null 2>&1 && workon_conda "${@}" ) || ( declare -f 'we' > /dev/null 2>&1 && we "${@}" ) || ( declare -f 'workon' > /dev/null 2>&1 && workon "${@}" )
}
workon_pyramid_app () 
{ 
    _VENVNAME=$1;
    _APP=$2;
    _OPEN_TERMS=${3:-""};
    we "${_VENVNAME}" "${_APP}";
    { 
        _EGGSETUPPY="${_WRD}/setup.py";
        _EGGCFG="${_WRD}/development.ini";
        _EDITCFGCMD="${_EDITCMD} ${_EGGCFG}";
        _SHELLCMD="${_BIN}/pshell ${_EGGCFG}";
        _SERVECMD="${_BIN}/pserve --reload --monitor-restart ${_EGGCFG}";
        _TESTCMD="python ${_EGGSETUPPY} nosetests"
    };
    alias _serve='${_SERVECMD}';
    alias _shell='${_SHELLCMD}';
    alias _test='${_TESTCMD}';
    alias _editcfg='${_EDITCFGCMD}';
    alias _glog='hgtk -R "${_WRD}" log';
    alias _log='hg -R "${_WRD}" log';
    if [ -n "${_OPEN_TERMS}" ]; then
        ${EDITOR} "${_WRD}" &
    fi
}
workon_venv () 
{ 
    if [ -n "${1}" ]; then
        local _venvstr;
        local _workon_home;
        if [ -d "${WORKON_HOME}/${1}" ]; then
            _venvstr="${1}";
            _workon_home="${WORKON_HOME}";
            shift;
        else
            if [ -d "${1}" ]; then
                _venvstr="$(basename "${1}")";
                _workon_home="$(dirname "${1}")";
                shift;
            else
                echo "err: venv not found: ${1}";
                return 1;
            fi;
        fi;
        history -a;
        workon "${_venvstr}" && source <($__VENV --wrk="$__WRK" --wh="${_workon_home}" --print-bash "${_venvstr}" "${@}") && dotfiles_status && declare -f '_setup_venv_prompt' > /dev/null 2>&1 && _setup_venv_prompt "${_TERM_ID:-${_venvstr}}";
    else
        lsvirtualenvs;
        return 1;
    fi
}
